name,version,licenses
./private_repos/cnrm.googlesource.com/cnrm/,['(devel)'],['[]']
./private_repos/cnrm.googlesource.com/cnrm/third_party/github.com/terraform-providers/terraform-provider-google-beta,['(devel)'],['[]']
./private_repos/github.com/GoogleContainerTools/kpt/,['(devel)'],['[]']
4d63.com/tz,['v1.2.0'],['[]']
@babel/code-frame,['7.5.5'],['[]']
@babel/highlight,['7.5.0'],['[]']
@heroku-cli/color,['1.1.14'],['[ISC]']
@heroku-cli/command,['8.4.1' '8.5.0'],['[ISC]']
@heroku-cli/heroku-exec-util,['0.7.6'],['[ISC]']
@heroku-cli/notifications,['1.2.2'],['[MIT]']
@heroku-cli/plugin-addons,['1.2.31'],['[ISC]']
@heroku-cli/plugin-addons-v5,['7.62.0'],['[ISC]']
@heroku-cli/plugin-apps,['7.62.0'],['[MIT]']
@heroku-cli/plugin-apps-v5,['7.62.0'],['[ISC]']
@heroku-cli/plugin-auth,['7.60.0'],['[MIT]']
@heroku-cli/plugin-autocomplete,['7.60.0'],['[MIT]']
@heroku-cli/plugin-buildpacks,['7.62.0'],['[MIT]']
@heroku-cli/plugin-certs,['7.60.0'],['[MIT]']
@heroku-cli/plugin-certs-v5,['7.64.0' '7.62.0'],['[ISC]']
@heroku-cli/plugin-ci,['7.62.0'],['[MIT]']
@heroku-cli/plugin-ci-v5,['7.62.0'],['[MIT]']
@heroku-cli/plugin-config,['7.60.0'],['[MIT]']
@heroku-cli/plugin-container-registry-v5,['7.60.0'],['[ISC]']
@heroku-cli/plugin-git,['7.62.0'],['[ISC]']
@heroku-cli/plugin-local,['7.60.0'],['[MIT]']
@heroku-cli/plugin-oauth-v5,['7.54.0'],['[ISC]']
@heroku-cli/plugin-orgs-v5,['7.54.0'],['[ISC]']
@heroku-cli/plugin-pg-v5,['7.64.0' '7.63.0'],['[ISC]']
@heroku-cli/plugin-pipelines,['7.62.0'],['[MIT]']
@heroku-cli/plugin-ps,['7.60.0'],['[MIT]']
@heroku-cli/plugin-ps-exec,['2.4.0' '2.3.8'],['[ISC]']
@heroku-cli/plugin-redis-v5,['7.62.0'],['[ISC]']
@heroku-cli/plugin-run,['7.60.0'],['[MIT]']
@heroku-cli/plugin-run-v5,['7.56.0'],['[ISC]']
@heroku-cli/plugin-spaces,['7.54.0'],['[ISC]']
@heroku-cli/plugin-status,['7.60.0'],['[ISC]']
@heroku-cli/plugin-webhooks,['7.60.0'],['[MIT]']
@heroku-cli/schema,['1.0.25'],['[MIT]']
@heroku/buildpack-registry,['1.0.1'],['[MIT]']
@heroku/eventsource,['1.0.7'],['[MIT]']
@heroku/socksv5,['0.0.9'],['[MIT]']
@mrmlnc/readdir-enhanced,['2.2.1'],['[]']
@nodelib/fs.scandir,['2.1.1' '2.1.3'],['[]']
@nodelib/fs.stat,['2.0.3' '1.1.3' '2.0.1'],['[]']
@nodelib/fs.walk,['1.2.2' '1.2.4'],['[]']
@oclif/color,['0.1.2' '0.0.0'],['[MIT]']
@oclif/command,['1.8.16' '1.8.0' '1.5.6' '1.5.18'],['[MIT]']
@oclif/config,['1.13.2' '1.18.3' '1.17.0' '1.18.2'],['[MIT]']
@oclif/dev-cli,['1.26.0'],['[]']
@oclif/errors,['1.2.2' '1.3.3' '1.3.4' '1.3.5'],['[MIT]']
@oclif/help,['1.0.1'],['[MIT]']
@oclif/linewrap,['1.0.0'],['[ISC]']
@oclif/parser,['3.7.2' '3.8.7' '3.8.3'],['[MIT]']
@oclif/plugin-commands,['1.3.0'],['[MIT]']
@oclif/plugin-help,['3.2.0' '2.2.0'],['[MIT]']
@oclif/plugin-legacy,['1.2.0'],['[MIT]']
@oclif/plugin-not-found,['1.2.2'],['[MIT]']
@oclif/plugin-plugins,['1.10.1'],['[MIT]']
@oclif/plugin-update,['1.5.0'],['[MIT]']
@oclif/plugin-warn-if-update-available,['1.7.0'],['[MIT]']
@oclif/plugin-which,['1.0.3'],['[MIT]']
@oclif/screen,['1.0.4'],['[MIT]']
@oclif/test,['1.2.4'],['[]']
@sindresorhus/is,['0.14.0' '0.7.0'],['[MIT]']
@sinonjs/commons,['1.3.0' '1.4.0'],['[]']
@sinonjs/formatio,['3.2.1'],['[]']
@sinonjs/samsam,['3.3.2'],['[]']
@sinonjs/text-encoding,['0.7.1'],['[]']
@szmarczak/http-timer,['1.1.2'],['[MIT]']
@tootallnate/once,['1.1.2'],['[]']
@types/ansi-styles,['3.2.1'],['[]']
@types/chai,['4.1.7'],['[]']
@types/color-name,['1.1.0' '1.1.1'],['[]']
@types/debug,['4.1.2'],['[]']
@types/eslint-visitor-keys,['1.0.0'],['[]']
@types/events,['3.0.0'],['[]']
@types/execa,['0.9.0'],['[]']
@types/fs-extra,['5.0.5'],['[]']
@types/glob,['7.1.1'],['[]']
@types/json-schema,['7.0.3'],['[]']
@types/lodash,['4.14.136'],['[]']
@types/minimatch,['3.0.3'],['[]']
@types/mocha,['5.2.5' '5.2.6'],['[]']
@types/nock,['9.3.1'],['[]']
@types/node,['10.14.13' '14.17.32' '12.6.8'],['[]']
@types/semver,['7.3.10'],['[MIT]']
@types/sinon,['7.0.5'],['[]']
@types/supports-color,['5.3.0'],['[]']
@types/write-json-file,['3.2.1'],['[]']
@typescript-eslint/eslint-plugin,['2.12.0'],['[]']
@typescript-eslint/experimental-utils,['2.12.0'],['[]']
@typescript-eslint/parser,['2.12.0'],['[]']
@typescript-eslint/typescript-estree,['2.12.0'],['[]']
Deprecated,['1.2.13'],['[MIT]']
HdrHistogram,['2.1.9'],['[]']
OtpErlang,[nan],['[]']
PySocks,['1.7.1'],['[]']
Sphinx,['4.2.0'],['[]']
abbrev,['1.1.1'],['[ISC]']
accessors-smart,['2.4.2'],['[]']
acorn,['7.1.0'],['[]']
acorn-jsx,['5.1.0'],['[]']
acpid,['1:2.0.32-1ubuntu1'],['[GPL-2]']
activesupport,['6.1.4.1'],['[]']
advance-toolchain-at14.0-cross-common,['14.0-5'],['[GPL ]']
advance-toolchain-at14.0-cross-ppc64le,['14.0-5'],['[GPL ]']
advance-toolchain-at14.0-cross-ppc64le-libnxz,['14.0-5'],['[GPL ]']
advance-toolchain-at14.0-cross-ppc64le-mcore-libs,['14.0-5'],['[GPL ]']
advance-toolchain-at14.0-cross-ppc64le-runtime-extras,['14.0-5'],['[GPL ]']
advance-toolchain-cross-common,['14.0-5'],['[GPL ]']
advance-toolchain-cross-ppc64le,['14.0-5'],['[GPL ]']
advance-toolchain-cross-ppc64le-libnxz,['14.0-5'],['[GPL ]']
advance-toolchain-cross-ppc64le-mcore-libs,['14.0-5'],['[GPL ]']
advance-toolchain-cross-ppc64le-runtime-extras,['14.0-5'],['[GPL ]']
adwaita-icon-theme,['3.36.1-2ubuntu0.20.04.2'],['[CC-BY-3.0-US CC-BY-SA-2.0-IT CC-BY-SA-3.0 CC-BY-SA-3.0-US CC-BY-SA-3.0-Unported GFDL-1.2 GFDL-1.2+ GPL GPL-unspecified LGPL-3]']
agent-base,['6.0.2'],['[]']
aggs-matrix-stats-client,['7.16.3'],['[]']
ajv,['6.10.2'],['[]']
amd64-microcode,['3.20191218.1ubuntu1'],['[]']
analysis-common,['7.16.3'],['[]']
annotations,['20.1.0'],['[]']
ansi-escapes,['3.2.0' '1.4.0' '4.2.1' '4.3.0' '4.3.1'],['[MIT]']
ansi-regex,['3.0.0' '5.0.0' '2.1.1' '4.1.0'],['[]' '[MIT]']
ansi-styles,['2.2.1' '3.2.1' '4.2.1'],['[]' '[MIT]']
ansicolors,['0.3.2'],['[MIT]']
ant,['1.10.12' '1.10.7' '1.10.7-1' '1.10.11'],['[Apache-2.0]' '[]']
ant-antlr,['1.10.12'],['[]']
ant-bootstrap,[nan],['[]']
ant-junit,['1.10.12'],['[]']
ant-launcher,['1.10.12' '1.10.7' '1.10.11'],['[]']
anthoscli,['(devel)'],['[]']
antlr4-runtime,['4.7.2' '4.5.3' '4.5.1-1' '4.9.2'],['[]']
apipkg,['2.0.0' '1.4'],['[MIT]' '[MIT License]']
app-path,['3.2.0'],['[MIT]']
appdirs,['1.4.4'],['[MIT]']
aproba,['1.2.0'],['[]']
apt-transport-https,['2.0.9'],['[GPL-2 GPLv2+]']
apt-xapian-index,['0.49' '0.51ubuntu1'],['[GPL]' '[GPL-2]']
aptitude,['0.8.12-1ubuntu4'],['[GPL-2 GPL-2+]']
aptitude-common,['0.8.12-1ubuntu4'],['[GPL-2 GPL-2+]']
are-we-there-yet,['1.1.7'],['[]']
arg,['4.1.0'],['[]']
arr-diff,['4.0.0'],['[]']
arr-flatten,['1.1.0'],['[]']
arr-union,['3.1.0'],['[]']
array-from,['2.1.1'],['[]']
array-union,['2.1.0' '1.0.2'],['[MIT]']
array-uniq,['1.0.3'],['[]']
array-unique,['0.3.2'],['[]']
arrify,['1.0.1'],['[]']
asm,['7.2' '9.2' '9.1' '5.0.4'],['[]']
asm-analysis,['7.2' '9.2'],['[]']
asm-commons,['7.2' '9.2' '5.0.4'],['[]']
asm-tree,['7.2' '9.2' '5.0.4'],['[]']
asm-util,['7.2'],['[]']
asn1,['0.2.6'],['[MIT]']
assertion-error,['1.1.0'],['[]']
assign-symbols,['1.0.0'],['[]']
astral-regex,['1.0.0'],['[]']
async-file,['2.0.2'],['[MIT]']
async-limiter,['1.0.0'],['[MIT]']
at-least-node,['1.0.0'],['[ISC]']
atob,['2.1.2'],['[]']
available-typed-arrays,['1.0.5'],['[]']
aws-java-sdk-core,['1.11.948'],['[]']
aws-java-sdk-kms,['1.11.948'],['[]']
aws-java-sdk-s3,['1.11.948'],['[]']
aws-java-sdk-sts,['1.11.948'],['[]']
aws-sdk,['2.1188.0'],['[]']
azure-devops-node-api,['11.0.1'],['[]']
balanced-match,['1.0.0' '1.0.2'],['[]' '[MIT]']
base,['0.11.2'],['[]']
base64-js,['1.5.1'],['[]' '[MIT]']
bc-fips,['1.0.2'],['[]']
bcpg-fips,['1.0.4'],['[]']
bcpg-jdk15on,['1.68'],['[]']
bcpkix-jdk15on,['1.64' '1.68'],['[]']
bcprov-jdk15on,['1.64' '1.68'],['[]']
bcrypt-pbkdf,['1.0.2'],['[BSD-3-Clause]']
binutils-doc,['2.34-6ubuntu1.3'],['[GFDL GPL LGPL]']
binutils-mingw-w64-i686,['2.34-5ubuntu1+8.8'],['[GFDL-1.3 GPL-3]']
binutils-mingw-w64-x86-64,['2.34-5ubuntu1+8.8'],['[GFDL-1.3 GPL-3]']
binutils-x86-64-linux-gnu,['2.34-6ubuntu1.3'],['[GFDL GPL LGPL]']
bl,['3.0.0' '1.2.3' '4.1.0'],['[]']
black,['22.1.0'],['[]']
bluebird,['3.7.1'],['[MIT]']
boolbase,['1.0.0'],['[]']
brace-expansion,['1.1.11'],['[]' '[MIT]']
braces,['2.3.2' '3.0.2'],['[MIT]']
breezy,['3.0.2'],['[GNU GPL v2]']
browser-stdout,['1.3.1'],['[]']
brz,['3.0.2-4ubuntu2'],['[GPL-2 GPL-2+ MIT]']
bsh,['2.0b6'],['[]']
buffer,['4.9.2' '5.7.1'],['[]']
buffer-alloc,['1.2.0'],['[]']
buffer-alloc-unsafe,['1.1.0'],['[]']
buffer-crc32,['0.2.13'],['[]']
buffer-fill,['1.0.0'],['[]']
buffer-from,['1.1.2' '1.1.1'],['[]']
buildcheck,['0.0.3'],['[MIT]']
bultitude,['0.3.0'],['[]']
byline,['5.0.0'],['[MIT]']
bytes,['3.1.0'],['[MIT]']
bzr,['2.7.0+bzr6622+brz'],['[GPL-2 GPL-2+]']
ca-certificates-java,[nan '20190405ubuntu1'],['[]' '[GPL]']
cache-base,['1.0.1'],['[]']
cacheable-request,['6.0.0' '2.1.4'],['[MIT]']
call-bind,['1.0.2'],['[]']
call-me-maybe,['1.0.1'],['[]']
callsites,['3.0.0'],['[]']
capsule,['0.6.3'],['[]']
cardinal,['2.1.1'],['[MIT]']
catkin-pkg,['0.5.2'],['[BSD]']
chai,['4.2.0'],['[]']
chalk,['2.4.2' '4.1.2' '3.0.0' '2.4.1' '4.1.0' '1.1.3'],['[]' '[MIT]']
charset-normalizer,['2.1.0'],['[MIT]']
check-error,['1.0.2'],['[]']
cheerio,['1.0.0-rc.10'],['[]']
cheerio-select,['1.5.0'],['[]']
chownr,['1.1.4' '1.1.3'],['[]' '[ISC]']
chrony,['3.5-6ubuntu6.2'],['[GPL-2 GPL-2+ RSA-MD]']
class-utils,['0.3.6'],['[]']
classlojure,['0.7.1'],['[]']
clean-regexp,['1.0.0'],['[]']
clean-stack,['1.3.0' '3.0.0' '2.2.0'],['[MIT]']
cli-cursor,['3.1.0' '2.1.0'],['[MIT]']
cli-progress,['3.8.2'],['[MIT]']
cli-ux,['5.4.10' '4.9.3' '5.5.1' '5.3.2' '5.3.1'],['[MIT]']
cli-width,['2.2.0'],['[ISC]']
click,['8.1.3'],['[BSD-3-Clause]']
clojure,['1.11.1'],['[]']
clone-response,['1.0.2'],['[MIT]']
cloud.google.com/go,['v0.102.1' 'v0.50.0' 'v0.99.0' 'v0.94.1'],['[]']
cloud.google.com/go/bigtable,['v1.1.0'],['[]']
cloud.google.com/go/iam,['v0.3.0'],['[]']
cloud.google.com/go/kms,['v1.4.0'],['[]']
cloud.google.com/go/monitoring,['v1.0.0'],['[]']
cloud.google.com/go/profiler,['v0.1.0'],['[]']
cloud.google.com/go/storage,['v1.16.1' 'v1.18.2' 'v1.0.0' 'v1.24.0'],['[]']
cloud.google.com/go/trace,['v1.2.0' 'v1.0.0'],['[]']
co,['4.6.0'],['[MIT]']
co-wait,['0.0.0'],['[MIT]']
code-point-at,['1.1.0'],['[]']
collection-visit,['1.0.0'],['[]']
color-convert,['1.9.3' '2.0.1'],['[]' '[MIT]']
color-name,['1.1.4' '1.1.3'],['[]' '[MIT]']
colors,['1.4.0'],['[MIT]']
commander,['6.2.1' '2.19.0' '2.15.1'],['[]']
commons-compress,['1.21'],['[]']
commons-lang,['2.6'],['[]']
commons-logging,['1.1.3' '1.2'],['[]']
commons-math3,['3.6.1'],['[]']
compiler,['0.9.6'],['[]']
component-emitter,['1.3.0'],['[]']
concat-map,['0.0.1'],['[]' '[MIT]']
concurrent-ruby,['1.1.9'],['[]']
console-control-strings,['1.1.0'],['[]']
constant-keyword,['7.16.3'],['[]']
content-type,['1.0.4'],['[MIT]']
copy-descriptor,['0.1.1'],['[]']
core-util-is,['1.0.3' '1.0.2'],['[]' '[MIT]']
core.specs.alpha,['0.2.62'],['[]']
couchdb,['3.2.2-2~focal'],['[Apache-2.0 BSD DWTFYWTPL-2.0 EPL ISC MIT PD SIL-OFL-1.1]']
coverage,['4.4.2'],['[]']
coverage-helpers,['1.0.0'],['[]']
cpu-features,['0.0.4' '0.0.2'],['[MIT]']
craft-cli,['1.1.0'],['[GNU Lesser General Public License v3 (LGPLv3)]']
craft-grammar,['1.1.1'],['[GNU Lesser General Public License v3 (LGPLv3)]']
craft-parts,['1.12.1'],['[GNU General Public License v3]']
craft-providers,['1.4.0'],['[GNU Lesser General Public License v3 (LGPLv3)]']
craft-store,['2.1.1'],['[GNU Lesser General Public License v3 (LGPLv3)]']
crcmod,['1.7'],['[MIT]']
crda,['3.18-1build1'],['[ISC copyleft-next-0.3.0]']
cron,['3.0pl1-136ubuntu1'],"[""[Artistic GPL-2 GPL-2+ ISC Paul-Vixie's-license]""]"
cross-spawn,['7.0.3' '6.0.5'],['[MIT]']
cryptacular,['1.2.4'],['[]']
css-select,['4.1.3'],['[]']
css-what,['5.1.0'],['[]']
cuelang.org/go,['v0.4.3'],['[]']
data.codec,['0.1.0'],['[]']
data.xml,['0.2.0-alpha6'],['[]']
dataclasses,['0.6'],['[Apache]']
date-fns,['1.30.1' '2.0.0-alpha.26'],['[MIT]']
dbus-x11,['1.12.16-2ubuntu2.2'],['[AFL-2.1 BSD-3-clause BSD-3-clause-generic Expat GPL-2 GPL-2+ Tcl-BSDish g10-permissive]']
dd-plist,['1.21'],['[]']
debug,['4.1.1' '3.2.6' '4.3.2' '3.1.0' '4.3.4' '4.1.0' '2.6.9'],['[]' '[MIT]']
decode-uri-component,['0.2.0'],['[MIT]']
decompress-response,['3.3.0' '4.2.1'],['[]' '[MIT]']
deep-eql,['3.0.1'],['[]']
deep-equal,['1.0.1'],['[]']
deep-extend,['0.6.0'],['[]']
deep-is,['0.1.3'],['[]']
default-jdk,['2:1.11-72'],['[GPL-2 GPL-2+]']
default-jdk-headless,['2:1.11-72'],['[GPL-2 GPL-2+]']
default-jre,['2:1.11-72'],['[GPL-2 GPL-2+]']
default-jre-headless,['2:1.11-72'],['[GPL-2 GPL-2+]']
defer-to-connect,['1.0.1'],['[MIT]']
define-properties,['1.1.4' '1.1.3'],['[]']
define-property,['2.0.2' '1.0.0' '0.2.5'],['[]']
delegates,['1.0.0'],['[]']
denodeify,['1.2.1'],['[]']
detect-indent,['6.0.0' '5.0.0'],['[]']
detect-libc,['1.0.3'],['[]']
dh-python,['4.20191017ubuntu7'],['[Expat]']
diff,['3.5.0'],['[]']
dir-glob,['2.0.0' '3.0.1'],['[MIT]']
distlib,['0.3.1' '0.3.6' '0.3.5'],['[Python license]']
dmidecode,['3.2-3'],['[GPL-2 GPL-2+]']
doctrine,['3.0.0'],['[]']
docutils,['0.19'],['[public domain  Python  2-Clause BSD  GPL 3 (see COPYING.txt)]']
dom-serializer,['1.3.2'],['[]']
domelementtype,['2.2.0'],['[]']
domhandler,['4.2.2'],['[]']
domutils,['2.8.0'],['[]']
dulwich,['0.19.15'],['[Apachev2 or later or GPLv2]']
duplexer3,['0.1.4'],['[BSD-3-Clause]']
dynapath,['1.0.0'],['[]']
e2fslibs,['1.45.5-2ubuntu1.1'],['[GPL-2 LGPL-2]']
edit-string,['1.1.6'],['[WTFPL]']
efibootmgr,['17-1'],['[GPL-2 GPL-2.0+]']
elasticsearch,['7.16.3'],['[]' '[Elastic-License]']
elasticsearch-cli,['7.16.3'],['[]']
elasticsearch-core,['7.16.3'],['[]']
elasticsearch-dissect,['7.16.3'],['[]']
elasticsearch-geo,['7.16.3'],['[]']
elasticsearch-geoip-cli,['7.16.3'],['[]']
elasticsearch-grok,['7.16.3'],['[]']
elasticsearch-launchers,['7.16.3'],['[]']
elasticsearch-log4j,['7.16.3'],['[]']
elasticsearch-lz4,['7.16.3'],['[]']
elasticsearch-nio,['7.16.3'],['[]']
elasticsearch-plugin-classloader,['7.16.3'],['[]']
elasticsearch-plugin-cli,['7.16.3'],['[]']
elasticsearch-rest-client,['7.16.3'],['[]']
elasticsearch-rest-client-sniffer,['7.16.3'],['[]']
elasticsearch-scripting-painless-spi,['7.16.3'],['[]']
elasticsearch-secure-sm,['7.16.3'],['[]']
elasticsearch-security-cli,['7.16.3'],['[]']
elasticsearch-sql-cli,['7.16.3'],['[]']
elasticsearch-ssl-config,['7.16.3'],['[]']
elasticsearch-x-content,['7.16.3'],['[]']
emacs-bin-common,['1:26.3+1-1ubuntu2'],['[GPL GPL-2+ GPL-3+ LGPL-2+ MPL-2.0 efaq-w32.texi efaq.texi gnulib-comp.m4 m4 manpage meese.el nt/inc/dirent.h pkg.m4 same sedadmin.inp]']
emacs-common,['1:26.3+1-1ubuntu2'],['[GPL GPL-2+ GPL-3+ LGPL-2+ MPL-2.0 efaq-w32.texi efaq.texi gnulib-comp.m4 m4 manpage meese.el nt/inc/dirent.h pkg.m4 same sedadmin.inp]']
emacs-nox,['1:26.3+1-1ubuntu2'],['[GPL GPL-2+ GPL-3+ LGPL-2+ MPL-2.0 efaq-w32.texi efaq.texi gnulib-comp.m4 m4 manpage meese.el nt/inc/dirent.h pkg.m4 same sedadmin.inp]']
emacsen-common,['3.0.4'],['[GPL]']
emoji-regex,['7.0.3' '6.1.1' '8.0.0'],['[MIT]']
end-of-stream,['1.4.1' '1.4.4'],['[]' '[MIT]']
entities,['2.2.0'],['[]']
erlang,['1:22.2.7+dfsg-1'],['[Apache-2.0 BSD-3-clause Expat GPL-3 LGPL-2.1 MIT RSA Zlib]']
erlang-asn1,['1:22.2.7+dfsg-1'],['[Apache-2.0 BSD-3-clause Expat GPL-3 LGPL-2.1 MIT RSA Zlib]']
erlang-base,['1:22.2.7+dfsg-1'],['[Apache-2.0 BSD-3-clause Expat GPL-3 LGPL-2.1 MIT RSA Zlib]']
erlang-common-test,['1:22.2.7+dfsg-1'],['[Apache-2.0 BSD-3-clause Expat GPL-3 LGPL-2.1 MIT RSA Zlib]']
erlang-crypto,['1:22.2.7+dfsg-1'],['[Apache-2.0 BSD-3-clause Expat GPL-3 LGPL-2.1 MIT RSA Zlib]']
erlang-debugger,['1:22.2.7+dfsg-1'],['[Apache-2.0 BSD-3-clause Expat GPL-3 LGPL-2.1 MIT RSA Zlib]']
erlang-dev,['1:22.2.7+dfsg-1'],['[Apache-2.0 BSD-3-clause Expat GPL-3 LGPL-2.1 MIT RSA Zlib]']
erlang-dialyzer,['1:22.2.7+dfsg-1'],['[Apache-2.0 BSD-3-clause Expat GPL-3 LGPL-2.1 MIT RSA Zlib]']
erlang-diameter,['1:22.2.7+dfsg-1'],['[Apache-2.0 BSD-3-clause Expat GPL-3 LGPL-2.1 MIT RSA Zlib]']
erlang-edoc,['1:22.2.7+dfsg-1'],['[Apache-2.0 BSD-3-clause Expat GPL-3 LGPL-2.1 MIT RSA Zlib]']
erlang-eldap,['1:22.2.7+dfsg-1'],['[Apache-2.0 BSD-3-clause Expat GPL-3 LGPL-2.1 MIT RSA Zlib]']
erlang-erl-docgen,['1:22.2.7+dfsg-1'],['[Apache-2.0 BSD-3-clause Expat GPL-3 LGPL-2.1 MIT RSA Zlib]']
erlang-et,['1:22.2.7+dfsg-1'],['[Apache-2.0 BSD-3-clause Expat GPL-3 LGPL-2.1 MIT RSA Zlib]']
erlang-eunit,['1:22.2.7+dfsg-1'],['[Apache-2.0 BSD-3-clause Expat GPL-3 LGPL-2.1 MIT RSA Zlib]']
erlang-ftp,['1:22.2.7+dfsg-1'],['[Apache-2.0 BSD-3-clause Expat GPL-3 LGPL-2.1 MIT RSA Zlib]']
erlang-inets,['1:22.2.7+dfsg-1'],['[Apache-2.0 BSD-3-clause Expat GPL-3 LGPL-2.1 MIT RSA Zlib]']
erlang-megaco,['1:22.2.7+dfsg-1'],['[Apache-2.0 BSD-3-clause Expat GPL-3 LGPL-2.1 MIT RSA Zlib]']
erlang-mnesia,['1:22.2.7+dfsg-1'],['[Apache-2.0 BSD-3-clause Expat GPL-3 LGPL-2.1 MIT RSA Zlib]']
erlang-observer,['1:22.2.7+dfsg-1'],['[Apache-2.0 BSD-3-clause Expat GPL-3 LGPL-2.1 MIT RSA Zlib]']
erlang-odbc,['1:22.2.7+dfsg-1'],['[Apache-2.0 BSD-3-clause Expat GPL-3 LGPL-2.1 MIT RSA Zlib]']
erlang-os-mon,['1:22.2.7+dfsg-1'],['[Apache-2.0 BSD-3-clause Expat GPL-3 LGPL-2.1 MIT RSA Zlib]']
erlang-parsetools,['1:22.2.7+dfsg-1'],['[Apache-2.0 BSD-3-clause Expat GPL-3 LGPL-2.1 MIT RSA Zlib]']
erlang-public-key,['1:22.2.7+dfsg-1'],['[Apache-2.0 BSD-3-clause Expat GPL-3 LGPL-2.1 MIT RSA Zlib]']
erlang-reltool,['1:22.2.7+dfsg-1'],['[Apache-2.0 BSD-3-clause Expat GPL-3 LGPL-2.1 MIT RSA Zlib]']
erlang-runtime-tools,['1:22.2.7+dfsg-1'],['[Apache-2.0 BSD-3-clause Expat GPL-3 LGPL-2.1 MIT RSA Zlib]']
erlang-snmp,['1:22.2.7+dfsg-1'],['[Apache-2.0 BSD-3-clause Expat GPL-3 LGPL-2.1 MIT RSA Zlib]']
erlang-ssh,['1:22.2.7+dfsg-1'],['[Apache-2.0 BSD-3-clause Expat GPL-3 LGPL-2.1 MIT RSA Zlib]']
erlang-ssl,['1:22.2.7+dfsg-1'],['[Apache-2.0 BSD-3-clause Expat GPL-3 LGPL-2.1 MIT RSA Zlib]']
erlang-syntax-tools,['1:22.2.7+dfsg-1'],['[Apache-2.0 BSD-3-clause Expat GPL-3 LGPL-2.1 MIT RSA Zlib]']
erlang-tftp,['1:22.2.7+dfsg-1'],['[Apache-2.0 BSD-3-clause Expat GPL-3 LGPL-2.1 MIT RSA Zlib]']
erlang-tools,['1:22.2.7+dfsg-1'],['[Apache-2.0 BSD-3-clause Expat GPL-3 LGPL-2.1 MIT RSA Zlib]']
erlang-wx,['1:22.2.7+dfsg-1'],['[Apache-2.0 BSD-3-clause Expat GPL-3 LGPL-2.1 MIT RSA Zlib]']
erlang-xmerl,['1:22.2.7+dfsg-1'],['[Apache-2.0 BSD-3-clause Expat GPL-3 LGPL-2.1 MIT RSA Zlib]']
error-ex,['1.3.2'],['[MIT]']
es-abstract,['1.20.1'],['[]']
es-to-primitive,['1.2.1'],['[]']
es6-promise,['4.2.8'],['[]']
es6-promisify,['5.0.0'],['[]']
escape-string-regexp,['1.0.5' '4.0.0'],['[]' '[MIT]']
eslint,['6.7.2'],['[]']
eslint-ast-utils,['1.1.0'],['[]']
eslint-config-oclif,['3.1.0'],['[]']
eslint-config-oclif-typescript,['0.1.0'],['[]']
eslint-config-xo,['0.24.2'],['[]']
eslint-config-xo-space,['0.20.0'],['[]']
eslint-plugin-es,['1.4.0'],['[]']
eslint-plugin-mocha,['5.3.0'],['[]']
eslint-plugin-node,['7.0.1'],['[]']
eslint-plugin-unicorn,['6.0.1'],['[]']
eslint-scope,['5.0.0'],['[]']
eslint-utils,['1.4.2' '1.4.3'],['[]']
eslint-visitor-keys,['1.1.0'],['[]']
espree,['6.1.2'],['[]']
esprima,['4.0.1'],['[BSD-2-Clause]']
esquery,['1.0.1'],['[]']
esrecurse,['4.2.1'],['[]']
estraverse,['4.2.0'],['[]']
esutils,['2.0.2'],['[]']
eventemitter3,['4.0.7'],['[MIT]']
events,['1.1.1'],['[]']
execa,['1.0.0' '0.10.0'],['[MIT]']
expand-brackets,['2.1.4'],['[]']
expand-template,['2.0.3'],['[]']
extend-shallow,['2.0.1' '3.0.2'],['[]']
external-editor,['3.0.3'],['[MIT]']
extglob,['2.0.4'],['[]']
extract-stack,['2.0.0' '1.0.0'],['[MIT]']
failureaccess,['1.0.1'],['[]']
fancy-test,['1.4.3'],['[]']
fast-deep-equal,['2.0.1'],['[]']
fast-glob,['3.0.4' '3.2.4' '2.2.7'],['[]']
fast-json-stable-stringify,['2.0.0'],['[]']
fast-levenshtein,['2.0.6'],['[MIT]']
fastimport,['0.9.8'],['[GNU GPL v2 or later]']
fastq,['1.6.0'],['[ISC]']
fastutil,['8.5.2-min'],['[]']
fd-slicer,['1.1.0'],['[]']
ffi,['1.15.4'],['[]']
figures,['2.0.0' '3.0.0'],['[MIT]']
file-entry-cache,['5.0.1'],['[]']
file-events,['0.22-milestone-23'],['[]']
file-events-linux-aarch64,['0.22-milestone-23'],['[]']
file-events-linux-amd64,['0.22-milestone-23'],['[]']
file-events-osx-aarch64,['0.22-milestone-23'],['[]']
file-events-osx-amd64,['0.22-milestone-23'],['[]']
file-events-windows-amd64,['0.22-milestone-23'],['[]']
file-events-windows-amd64-min,['0.22-milestone-23'],['[]']
file-events-windows-i386,['0.22-milestone-23'],['[]']
file-events-windows-i386-min,['0.22-milestone-23'],['[]']
filelock,['3.8.0' '3.0.12' '3.7.1'],['[Public Domain <http://unlicense.org>]' '[Unlicense]']
filesize,['6.4.0' '4.0.0'],['[BSD-3-Clause]']
fill-range,['4.0.0' '7.0.1'],['[MIT]']
find-up,['2.1.0' '4.1.0'],['[]']
find-yarn-workspace-root,['2.0.0'],['[]']
flake8,['3.4.1' '3.9.2' '4.0.1'],['[]']
flaky,['3.6.1'],['[]']
flat-cache,['2.0.1'],['[]']
flatted,['2.0.1'],['[]']
follow-redirects,['1.13.0'],['[MIT]']
fontconfig,['2.13.1-2ubuntu3'],['[]']
fonts-liberation,['1:1.07.4-11'],['[GPL-2]']
fonts-ubuntu-font-family-console,['1:0.83-4ubuntu1'],['[CC-BY-SA-3.0 GPL-3 Ubuntu-Font-Licence-1.0]']
for-each,['0.3.3'],['[]']
for-in,['1.0.2'],['[]']
foreman,['3.0.1'],['[MIT]']
fragment-cache,['0.2.1'],['[]']
from2,['2.3.0'],['[MIT]']
frozen-indices,['7.16.3'],['[]']
fs-constants,['1.0.0'],['[]' '[MIT]']
fs-extra,['6.0.1' '8.1.0' '9.0.1' '7.0.1' '9.1.0'],['[MIT]']
fs.realpath,['1.0.0'],['[]' '[ISC]']
function-bind,['1.1.1'],['[]']
function.prototype.name,['1.1.5'],['[]']
functional-red-black-tree,['1.0.1'],['[]']
functions-have-names,['1.2.3'],['[]']
future,['0.16.0'],['[]']
g++-mingw-w64,['9.3.0-7ubuntu1+22~exp1ubuntu4'],['[Artistic GFDL-1.2 GPL GPL-2 GPL-3]']
g++-mingw-w64-i686,['9.3.0-7ubuntu1+22~exp1ubuntu4'],['[Artistic GFDL-1.2 GPL GPL-2 GPL-3]']
g++-mingw-w64-x86-64,['9.3.0-7ubuntu1+22~exp1ubuntu4'],['[Artistic GFDL-1.2 GPL GPL-2 GPL-3]']
gauge,['2.7.4'],['[]']
gcc-7-base,['7.5.0-6ubuntu2'],['[Artistic GFDL-1.2 GPL GPL-2 GPL-3 LGPL]']
gcc-8-base,['8.4.0-3ubuntu2'],['[Artistic GFDL-1.2 GPL GPL-2 GPL-3 LGPL]']
gcc-mingw-w64,['9.3.0-7ubuntu1+22~exp1ubuntu4'],['[Artistic GFDL-1.2 GPL GPL-2 GPL-3]']
gcc-mingw-w64-base,['9.3.0-7ubuntu1+22~exp1ubuntu4'],['[Artistic GFDL-1.2 GPL GPL-2 GPL-3]']
gcc-mingw-w64-i686,['9.3.0-7ubuntu1+22~exp1ubuntu4'],['[Artistic GFDL-1.2 GPL GPL-2 GPL-3]']
gcc-mingw-w64-x86-64,['9.3.0-7ubuntu1+22~exp1ubuntu4'],['[Artistic GFDL-1.2 GPL GPL-2 GPL-3]']
gcp-devrel-py-tools,['0.0.15'],['[]']
geoip-database,['20191224-2'],['[OpenDataLicense]']
geoip2,['2.13.1'],['[]']
get-func-name,['2.0.0'],['[]']
get-intrinsic,['1.1.2' '1.1.1'],['[]']
get-stream,['5.1.0' '3.0.0' '4.1.0'],['[MIT]']
get-symbol-description,['1.0.0'],['[]']
get-value,['2.0.6'],['[]']
gettext,[nan '0.19.8.1-10build1'],['[]' '[GFDL GPL LGPL]']
gir1.2-freedesktop,['1.64.1-1~ubuntu20.04.1'],['[BSD-2-clause GPL-2 GPL-2+ LGPL-2 LGPL-2+ MIT]']
gir1.2-gdkpixbuf-2.0,['2.40.0+dfsg-3ubuntu0.3'],['[GPL-2 GPL-2+ LGPL-2 LGPL-2+ MPL-1.1-or-LGPL-2+]']
gir1.2-rsvg-2.0,['2.48.9-1ubuntu0.20.04.1'],['[Apache-2.0 BSD-2-clause BSD-3-clause Boost-1.0 Expat LGPL-2 LGPL-2+ MPL-2.0 Sun-permissive Unlicense]']
git-lfs,['2.9.2-1'],['[Expat]']
github-from-package,['0.0.0'],['[]']
github-slugger,['1.2.1'],['[]']
github-url-to-object,['4.0.4'],['[MIT]']
github.com/1and1/oneandone-cloudserver-sdk-go,['v1.0.1'],['[]']
github.com/AlecAivazis/survey/v2,['v2.2.15'],['[]']
github.com/Azure/go-autorest/autorest/to,['v0.4.0'],['[]']
github.com/Azure/go-autorest/autorest/validation,['v0.3.1'],['[]']
github.com/Azure/go-ntlmssp,['v0.0.0-20200615164410-66371956d46c'],['[]']
github.com/BurntSushi/toml,['v0.4.1'],['[]']
github.com/ChrisTrenkamp/goxpath,['v0.0.0-20210404020558-97928f7e12b6'],['[]']
github.com/Delta456/box-cli-maker/v2,['v2.2.2'],['[]']
github.com/GoogleCloudPlatform/docker-credential-gcr,['v0.0.0-20210713212222-faed5e8b8ca2'],['[]']
github.com/GoogleCloudPlatform/opentelemetry-operations-go/exporter/metric,['v0.20.0'],['[]']
github.com/GoogleCloudPlatform/opentelemetry-operations-go/exporter/trace,['v0.20.0' 'v1.8.3'],['[]']
github.com/GoogleCloudPlatform/opentelemetry-operations-go/internal/resourcemapping,['v0.32.3'],['[]']
github.com/GoogleContainerTools/skaffold,['(devel)'],['[]']
github.com/MakeNowJust/heredoc,['v0.0.0-20170808103936-bb23615498cd'],['[]']
github.com/Masterminds/semver,['v1.5.0'],['[]']
github.com/Masterminds/sprig,['v2.22.0+incompatible'],['[]']
github.com/NaverCloudPlatform/ncloud-sdk-go-v2,['v1.2.0'],['[]']
github.com/OneOfOne/xxhash,['v1.2.8'],['[]']
github.com/PaesslerAG/gval,['v1.0.0'],['[]']
github.com/PaesslerAG/jsonpath,['v0.1.1'],['[]']
github.com/ProtonMail/go-crypto,['v0.0.0-20210428141323-04723f9f07d7'],['[]']
github.com/PuerkitoBio/purell,['v1.1.1'],['[]']
github.com/PuerkitoBio/urlesc,['v0.0.0-20170810143723-de5bf2ad4578'],['[]']
github.com/ReneKroon/ttlcache/v2,['v2.11.0'],['[]']
github.com/Telmate/proxmox-api-go,['v0.0.0-20210825163308-5e4c0d698a78'],['[]']
github.com/VividCortex/ewma,['v1.1.1'],['[]']
github.com/VividCortex/godaemon,['v1.0.0'],['[]']
github.com/Xuanwo/go-locale,['v1.1.0'],['[]']
github.com/acarl005/stripansi,['v0.0.0-20180116102854-5a71ef0e047d'],['[]']
github.com/agext/levenshtein,['v1.2.3' 'v1.2.2'],['[]']
github.com/agnivade/levenshtein,['v1.0.1'],['[]']
github.com/ahmetb/dlog,['v0.0.0-20170105205344-4fb5f8204f26'],['[]']
github.com/alessio/shellescape,['v1.4.1'],['[]']
github.com/aliyun/alibaba-cloud-sdk-go,['v1.61.1244'],['[]']
github.com/aliyun/aliyun-oss-go-sdk,['v2.1.10+incompatible'],['[]']
github.com/alonyb/spinner,['v1.12.7'],['[]']
github.com/apex/log,['v1.9.0'],['[]']
github.com/apparentlymart/go-cidr,['v1.0.1'],['[]']
github.com/apparentlymart/go-textseg,['v1.0.0'],['[]']
github.com/apparentlymart/go-textseg/v12,['v12.0.0'],['[]']
github.com/apparentlymart/go-textseg/v13,['v13.0.0'],['[]']
github.com/armon/go-metrics,['v0.4.0' 'v0.3.9'],['[]']
github.com/armon/go-radix,['v1.0.0'],['[]']
github.com/aws/aws-sdk-go,['v1.40.34' 'v1.25.3' 'v1.38.49'],['[]']
github.com/aws/aws-sdk-go-v2/service/kms,['v1.17.3'],['[]']
github.com/beorn7/perks,['v1.0.1'],['[]']
github.com/bgentry/go-netrc,['v0.0.0-20140422174119-9fd32a8b3d3d'],['[]']
github.com/bgentry/speakeasy,['v0.1.0'],['[]']
github.com/biogo/hts,['v1.4.3'],['[]']
github.com/bits-and-blooms/bitset,['v1.2.0'],['[]']
github.com/blang/semver/v4,['v4.0.0'],['[]']
github.com/bmatcuk/doublestar,['v1.3.4' 'v1.1.5'],['[]']
github.com/buildpacks/imgutil,['v0.0.0-20211203200417-76206845baac'],['[]']
github.com/buildpacks/lifecycle,['v0.13.1'],['[]']
github.com/buildpacks/pack,['v0.23.0'],['[]']
github.com/c2h5oh/datasize,['v0.0.0-20200825124411-48ed595a09d2'],['[]']
github.com/cavaliercoder/go-rpm,['v0.0.0-20200122174316-8cb9fd9c31a8'],['[]']
github.com/cenkalti/backoff/v3,['v3.2.2'],['[]']
github.com/cenkalti/backoff/v4,['v4.1.3' 'v4.1.1'],['[]']
github.com/cespare/xxhash/v2,['v2.1.2'],['[]']
github.com/cheggaaa/pb,['v1.0.27'],['[]']
github.com/cheggaaa/pb/v3,['v3.1.0'],['[]']
github.com/chzyer/readline,['v0.0.0-20180603132655-2972be24d48e'],['[]']
github.com/cloudevents/sdk-go/v2,['v2.10.1'],['[]']
github.com/cockroachdb/apd/v2,['v2.0.1'],['[]']
github.com/containerd/ttrpc,['v1.1.0'],['[]']
github.com/containerd/typeurl,['v1.0.2'],['[]']
github.com/coreos/go-systemd/v22,['v22.3.2'],['[]']
github.com/cyphar/filepath-securejoin,['v0.2.3'],['[]']
github.com/dgrijalva/jwt-go,['v3.2.0+incompatible'],['[]']
github.com/digitalocean/godo,['v1.65.0'],['[]']
github.com/docker/go-metrics,['v0.0.1'],['[]']
github.com/dprotaso/go-yit,['v0.0.0-20191028211022-135eb7262960'],['[]']
github.com/dylanmei/iso8601,['v0.1.0'],['[]']
github.com/emicklei/go-restful,['v2.9.5+incompatible'],['[]']
github.com/emicklei/proto,['v1.6.15'],['[]']
github.com/emirpasic/gods,['v1.12.0'],['[]']
github.com/evanphx/json-patch,['v4.9.0+incompatible' 'v4.5.0+incompatible'],['[]']
github.com/evanphx/json-patch/v5,['v5.6.0'],['[]']
github.com/fatih/color,['v1.13.0' 'v1.7.0' 'v1.12.0'],['[]']
github.com/form3tech-oss/jwt-go,['v3.2.5+incompatible'],['[]']
github.com/fxamacker/cbor/v2,['v2.4.0'],['[]']
github.com/gammazero/deque,['v0.0.0-20190521012701-46e4ffb7a622'],['[]']
github.com/gammazero/workerpool,['v0.0.0-20190608213748-0ed5e40ec55e'],['[]']
github.com/gdamore/encoding,['v1.0.0'],['[]']
github.com/gdamore/tcell/v2,['v2.4.0'],['[]']
github.com/go-errors/errors,['v1.0.1'],['[]']
github.com/go-git/gcfg,['v1.5.0'],['[]']
github.com/go-git/go-billy/v5,['v5.3.1'],['[]']
github.com/go-git/go-git/v5,['v5.4.2'],['[]']
github.com/go-logr/stdr,['v1.2.2'],['[]']
github.com/go-ozzo/ozzo-validation,['v3.6.0+incompatible'],['[]']
github.com/go-resty/resty/v2,['v2.6.0'],['[]']
github.com/gobwas/glob,['v0.2.3'],['[]']
github.com/godbus/dbus/v5,['v5.0.6' 'v5.0.4'],['[]']
github.com/gofrs/flock,['v0.8.1'],['[]']
github.com/gofrs/uuid,['v4.0.0+incompatible'],['[]']
github.com/golang-collections/collections,['v0.0.0-20130729185459-604e922904d3'],['[]']
github.com/golang-jwt/jwt,['v3.2.2+incompatible'],['[]']
github.com/google/gnostic,['v0.5.7-v3refs'],['[]']
github.com/google/go-github/v33,['v33.0.1-0.20210113204525-9318e629ec69'],['[]']
github.com/google/go-github/v43,['v43.0.0'],['[]']
github.com/google/ko,['v0.11.2'],['[]']
github.com/google/pprof,['v0.0.0-20210804190019-f964ff605595'],['[]']
github.com/google/shlex,['v0.0.0-20191202100458-e7afc7fbc510'],['[]']
github.com/google/slowjam,['v1.0.0'],['[]']
github.com/googleapis/gax-go/v2,['v2.1.1' 'v2.4.0' 'v2.1.0' 'v2.0.5'],['[]']
github.com/gophercloud/gophercloud,['v0.12.0'],['[]']
github.com/gophercloud/utils,['v0.0.0-20200508015959-b0167b94122c'],['[]']
github.com/grpc-ecosystem/go-grpc-middleware,['v1.3.0'],['[]']
github.com/grpc-ecosystem/grpc-gateway/v2,['v2.5.0'],['[]']
github.com/hako/durafmt,['v0.0.0-20200710122514-c0fb7b4da026'],['[]']
github.com/hashicorp/aws-sdk-go-base,['v0.7.1'],['[]']
github.com/hashicorp/consul/api,['v1.10.1'],['[]']
github.com/hashicorp/go-azure-helpers,['v0.16.5'],['[]']
github.com/hashicorp/go-checkpoint,['v0.0.0-20171009173528-1545e56e46de'],['[]']
github.com/hashicorp/go-cty-funcs,['v0.0.0-20200930094925-2721b1e36840'],['[]']
github.com/hashicorp/go-getter,['v1.6.2' 'v1.6.1'],['[]']
github.com/hashicorp/go-getter/gcs/v2,['v2.0.0-20200604122502-a6995fa1edad'],['[]']
github.com/hashicorp/go-getter/s3/v2,['v2.0.0-20200604122502-a6995fa1edad'],['[]']
github.com/hashicorp/go-getter/v2,['v2.0.0'],['[]']
github.com/hashicorp/go-hclog,['v0.16.2' 'v0.9.2' 'v1.2.2'],['[]']
github.com/hashicorp/go-immutable-radix,['v1.3.1'],['[]']
github.com/hashicorp/go-oracle-terraform,['v0.17.0'],['[]']
github.com/hashicorp/go-plugin,['v1.4.4' 'v1.0.1'],['[]']
github.com/hashicorp/go-rootcerts,['v1.0.2'],['[]']
github.com/hashicorp/go-safetemp,['v1.0.0'],['[]']
github.com/hashicorp/go-secure-stdlib/mlock,['v0.1.2'],['[]']
github.com/hashicorp/go-secure-stdlib/parseutil,['v0.1.6'],['[]']
github.com/hashicorp/go-secure-stdlib/strutil,['v0.1.2'],['[]']
github.com/hashicorp/go-sockaddr,['v1.0.2'],['[]']
github.com/hashicorp/go-uuid,['v1.0.3' 'v1.0.2' 'v1.0.1'],['[]']
github.com/hashicorp/go-version,['v1.2.1' 'v1.2.0' 'v1.3.0' 'v1.6.0'],['[]']
github.com/hashicorp/golang-lru,['v0.5.4'],['[]']
github.com/hashicorp/hcl/v2,['v2.10.1' 'v2.0.0'],['[]']
github.com/hashicorp/hcp-sdk-go,['v0.10.1-0.20210727200019-239ce8d80646'],['[]']
github.com/hashicorp/logutils,['v1.0.0'],['[]']
github.com/hashicorp/packer,['(devel)'],['[]']
github.com/hashicorp/packer-plugin-alicloud,['v1.0.0'],['[]']
github.com/hashicorp/packer-plugin-amazon,['v1.0.1'],['[]']
github.com/hashicorp/packer-plugin-ansible,['v1.0.0'],['[]']
github.com/hashicorp/packer-plugin-azure,['v1.0.3'],['[]']
github.com/hashicorp/packer-plugin-chef,['v1.0.1'],['[]']
github.com/hashicorp/packer-plugin-cloudstack,['v1.0.0'],['[]']
github.com/hashicorp/packer-plugin-converge,['v1.0.0'],['[]']
github.com/hashicorp/packer-plugin-digitalocean,['v1.0.1'],['[]']
github.com/hashicorp/packer-plugin-docker,['v1.0.1'],['[]']
github.com/hashicorp/packer-plugin-googlecompute,['v1.0.5'],['[]']
github.com/hashicorp/packer-plugin-hcloud,['v1.0.1'],['[]']
github.com/hashicorp/packer-plugin-hyperone,['v1.0.0'],['[]']
github.com/hashicorp/packer-plugin-hyperv,['v1.0.0'],['[]']
github.com/hashicorp/packer-plugin-inspec,['v0.0.7'],['[]']
github.com/hashicorp/packer-plugin-jdcloud,['v1.0.0'],['[]']
github.com/hashicorp/packer-plugin-linode,['v1.0.0'],['[]']
github.com/hashicorp/packer-plugin-lxc,['v1.0.0'],['[]']
github.com/hashicorp/packer-plugin-lxd,['v1.0.0'],['[]']
github.com/hashicorp/packer-plugin-ncloud,['v1.0.1'],['[]']
github.com/hashicorp/packer-plugin-oneandone,['v1.0.0'],['[]']
github.com/hashicorp/packer-plugin-openstack,['v1.0.0'],['[]']
github.com/hashicorp/packer-plugin-oracle,['v1.0.1'],['[]']
github.com/hashicorp/packer-plugin-outscale,['v1.0.1'],['[]']
github.com/hashicorp/packer-plugin-parallels,['v1.0.0'],['[]']
github.com/hashicorp/packer-plugin-profitbricks,['v1.0.1'],['[]']
github.com/hashicorp/packer-plugin-proxmox,['v1.0.2'],['[]']
github.com/hashicorp/packer-plugin-puppet,['v1.0.0'],['[]']
github.com/hashicorp/packer-plugin-qemu,['v1.0.0'],['[]']
github.com/hashicorp/packer-plugin-salt,['v0.0.8'],['[]']
github.com/hashicorp/packer-plugin-scaleway,['v1.0.3'],['[]']
github.com/hashicorp/packer-plugin-sdk,['v0.2.5'],['[]']
github.com/hashicorp/packer-plugin-tencentcloud,['v1.0.1'],['[]']
github.com/hashicorp/packer-plugin-triton,['v1.0.0'],['[]']
github.com/hashicorp/packer-plugin-ucloud,['v1.0.0'],['[]']
github.com/hashicorp/packer-plugin-vagrant,['v1.0.0'],['[]']
github.com/hashicorp/packer-plugin-virtualbox,['v1.0.0'],['[]']
github.com/hashicorp/packer-plugin-vmware,['v1.0.3'],['[]']
github.com/hashicorp/packer-plugin-vsphere,['v1.0.1'],['[]']
github.com/hashicorp/packer-plugin-yandex,['v1.0.2'],['[]']
github.com/hashicorp/serf,['v0.9.5'],['[]']
github.com/hashicorp/terraform-config-inspect,['v0.0.0-20191115094559-17f92b0546e8'],['[]']
github.com/hashicorp/terraform-plugin-sdk,['v1.4.0'],['[]']
github.com/hashicorp/terraform-svchost,['v0.0.0-20191011084731-65d371908596'],['[]']
github.com/hashicorp/vault/api,['v1.1.1' 'v1.7.2'],['[]']
github.com/hashicorp/vault/sdk,['v0.2.1' 'v0.5.3'],['[]']
github.com/hashicorp/yamux,['v0.0.0-20181012175058-2f1d1f20f75d' 'v0.0.0-20211028200310-0bc27b27de87' 'v0.0.0-20210826001029-26ff87cf9493'],['[]']
github.com/hectane/go-acl,['v0.0.0-20190604041725-da78bae5fc95'],['[]']
github.com/heroku/color,['v0.0.6'],['[]']
github.com/hetznercloud/hcloud-go,['v1.32.0'],['[]']
github.com/howeyc/gopass,['v0.0.0-20190910152052-7cb4b85ec19c'],['[]']
github.com/hyperonecom/h1-client-go,['v0.0.0-20191203060043-b46280e4c4a4'],['[]']
github.com/intel-go/cpuid,['v0.0.0-20181003105527-1a4a6f06a1c6'],['[]']
github.com/jbenet/go-context,['v0.0.0-20150711004518-d14ea06fba99'],['[]']
github.com/jdcloud-api/jdcloud-sdk-go,['v1.9.1-0.20190605102154-3d81a50ca961'],['[]']
github.com/jehiah/go-strftime,['v0.0.0-20171201141054-1d33003b3869'],['[]']
github.com/joyent/triton-go,['v1.8.5'],['[]']
github.com/juju/clock,['v0.0.0-20190205081909-9c5c9712527c'],['[]']
github.com/juju/fslock,['v0.0.0-20160525022230-4d5c94c67b4b'],['[]']
github.com/juju/mutex,['v0.0.0-20180619145857-d21b13acf4bf'],['[]']
github.com/karrick/godirwalk,['v1.16.1'],['[]']
github.com/kevinburke/ssh_config,['v0.0.0-20201106050909-4977a11b4351'],['[]']
github.com/klauspost/cpuid,['v1.2.0'],['[]']
github.com/kr/fs,['v0.1.0'],['[]']
github.com/krishicks/yaml-patch,['v0.0.10'],['[]']
github.com/linode/linodego,['v0.28.5'],['[]']
github.com/lucasb-eyer/go-colorful,['v1.2.0'],['[]']
github.com/machine-drivers/docker-machine-driver-vmware,['v0.1.5'],['[]']
github.com/machine-drivers/machine,['v0.7.1-0.20211105063445-78a84df85426'],['[]']
github.com/masterzen/simplexml,['v0.0.0-20190410153822-31eea3082786'],['[]']
github.com/masterzen/winrm,['v0.0.0-20210623064412-3b76017826b0'],['[]']
github.com/mattn/go-tty,['v0.0.0-20191112051231-74040eebce08'],['[]']
github.com/matttproud/golang_protobuf_extensions,['v1.0.2-0.20181231171920-c182affec369' 'v1.0.1'],['[]']
github.com/mitchellh/cli,['v1.0.0' 'v1.1.2'],['[]']
github.com/mitchellh/colorstring,['v0.0.0-20190213212951-d06e56a500db'],['[]']
github.com/mitchellh/go-fs,['v0.0.0-20180402235330-b7b9ca407fff'],['[]']
github.com/mitchellh/go-ps,['v1.0.0'],['[]']
github.com/mitchellh/go-testing-interface,['v1.14.1' 'v1.0.0'],['[]']
github.com/mitchellh/go-vnc,['v0.0.0-20150629162542-723ed9867aed'],['[]']
github.com/mitchellh/go-wordwrap,['v1.0.0' 'v1.0.1'],['[]']
github.com/mitchellh/hashstructure,['v1.0.0'],['[]']
github.com/mitchellh/iochan,['v1.0.0'],['[]']
github.com/mitchellh/ioprogress,['v0.0.0-20180201004757-6a23b12fa88e'],['[]']
github.com/mitchellh/panicwrap,['v1.0.0'],['[]']
github.com/mitchellh/prefixedio,['v0.0.0-20151214002211-6e6954073784'],['[]']
github.com/moby/buildkit,['v0.8.0'],['[]']
github.com/moby/locker,['v1.0.1'],['[]']
github.com/moby/spdystream,['v0.2.0'],['[]']
github.com/moby/sys/mount,['v0.2.0'],['[]']
github.com/moby/sys/mountinfo,['v0.5.0' 'v0.4.1'],['[]']
github.com/moby/term,['v0.0.0-20210619224110-3f7ff695adc6'],['[]']
github.com/mongodb/mongo-tools,['(devel)'],['[]']
github.com/montanaflynn/stats,['v0.0.0-20171201202039-1bf9dbcd8cbe'],['[]']
github.com/morikuni/aec,['v1.0.0'],['[]']
github.com/mpvl/unique,['v0.0.0-20150818121801-cbe035fff7de'],['[]']
github.com/munnerz/goautoneg,['v0.0.0-20191010083416-a7dc8b61c822'],['[]']
github.com/nsf/termbox-go,['v0.0.0-20160718140619-0723e7c3d0a3'],['[]']
github.com/nu7hatch/gouuid,['v0.0.0-20131221200532-179d4d0c4d8d'],['[]']
github.com/oklog/run,['v1.1.0' 'v1.0.0'],['[]']
github.com/open-policy-agent/opa,['v0.43.0'],['[]']
github.com/opencontainers/runc,['v1.1.3' 'v1.0.2'],['[]']
github.com/opencontainers/runtime-spec,['v1.0.3-0.20210326190908-1c3f411f0417'],['[]']
github.com/opencontainers/selinux,['v1.8.2'],['[]']
github.com/oracle/oci-go-sdk/v36,['v36.2.0'],['[]']
github.com/otiai10/copy,['v1.7.0'],['[]']
github.com/outscale/osc-sdk-go/osc,['v0.0.0-20210316122053-4dfd64ce707a'],['[]']
github.com/packer-community/winrmcp,['v0.0.0-20180921211025-c76d91c1e7db'],['[]']
github.com/phayes/freeport,['v0.0.0-20180830031419-95f893ade6f2'],['[]']
github.com/pierrec/lz4,['v2.6.1+incompatible'],['[]']
github.com/pkg/browser,['v0.0.0-20160118053552-9302be274faa' 'v0.0.0-20180916011732-0a3d74bf9ce4'],['[]']
github.com/pkg/diff,['v0.0.0-20200914180035-5b29258ca4f7'],['[]']
github.com/pkg/profile,['v0.0.0-20161223203901-3a8809bd8a80'],['[]']
github.com/pkg/sftp,['v1.13.2'],['[]']
github.com/posener/complete,['v1.2.1' 'v1.2.3'],['[]']
github.com/posener/complete/v2,['v2.0.1-alpha.12'],['[]']
github.com/posener/script,['v1.0.4'],['[]']
github.com/profitbricks/profitbricks-sdk-go,['v4.0.2+incompatible'],['[]']
github.com/prometheus/client_golang,['v1.12.2' 'v1.11.0'],['[]']
github.com/prometheus/client_model,['v0.2.0'],['[]']
github.com/prometheus/common,['v0.34.0' 'v0.31.1' 'v0.30.0'],['[]']
github.com/prometheus/procfs,['v0.7.3'],['[]']
github.com/protocolbuffers/txtpbfmt,['v0.0.0-20201118171849-f6a6b3f636fc'],['[]']
github.com/rakyll/statik,['v0.1.7'],['[]']
github.com/rcrowley/go-metrics,['v0.0.0-20201227073835-cf1acfcdf475'],['[]']
github.com/rivo/tview,['v0.0.0-20210624165335-29d673af0ce2'],['[]']
github.com/rjeczalik/notify,['v0.9.3-0.20201210012515-e2a77dcc14cf'],['[]']
github.com/russross/blackfriday,['v1.5.2' 'v1.6.0'],['[]']
github.com/ryanuber/go-glob,['v1.0.0'],['[]']
github.com/sabhiram/go-gitignore,['v0.0.0-20201211074657-223ce5d391b0'],['[]']
github.com/sayboras/dockerclient,['v1.0.0'],['[]']
github.com/scaleway/scaleway-sdk-go,['v1.0.0-beta.7'],['[]']
github.com/segmentio/encoding,['v0.2.7'],['[]']
github.com/segmentio/textio,['v1.2.0'],['[]']
github.com/sergi/go-diff,['v1.2.0' 'v1.1.0'],['[]']
github.com/shirou/gopsutil,['v3.21.1+incompatible'],['[]']
github.com/shirou/gopsutil/v3,['v3.22.6'],['[]']
github.com/shurcooL/sanitized_anchor_name,['v1.0.0'],['[]']
github.com/src-d/gcfg,['v1.4.0'],['[]']
github.com/stoewer/go-strcase,['v1.0.2'],['[]']
github.com/tektoncd/pipeline,['v0.5.1-0.20190731183258-9d7e37e85bf8'],['[]']
github.com/tencentcloud/tencentcloud-sdk-go,['v3.0.233+incompatible'],['[]']
github.com/tklauser/go-sysconf,['v0.3.10'],['[]']
github.com/tklauser/numcpus,['v0.4.0'],['[]']
github.com/ucloud/ucloud-sdk-go,['v0.20.2'],['[]']
github.com/ufilesdk-dev/ufile-gosdk,['v1.0.1'],['[]']
github.com/ugorji/go/codec,['v1.2.6'],['[]']
github.com/vektah/gqlparser/v2,['v2.4.6'],['[]']
github.com/veraison/go-cose,['v1.0.0-rc.1'],['[]']
github.com/vmihailenco/msgpack,['v4.0.4+incompatible'],['[]']
github.com/vmware/govmomi,['v0.26.1'],['[]']
github.com/x448/float16,['v0.8.4'],['[]']
github.com/xanzy/go-cloudstack,['v2.4.1+incompatible'],['[]']
github.com/xanzy/ssh-agent,['v0.3.0'],['[]']
github.com/xdg-go/pbkdf2,['v1.0.0'],['[]']
github.com/xdg-go/scram,['v1.1.1'],['[]']
github.com/xdg-go/stringprep,['v1.0.3'],['[]']
github.com/xeipuuv/gojsonpointer,['v0.0.0-20190905194746-02993c407bfb'],['[]']
github.com/xeipuuv/gojsonreference,['v0.0.0-20180127040603-bd5ef7bd5415'],['[]']
github.com/xlab/treeprint,['v0.0.0-20181112141820-a009c3971eca'],['[]']
github.com/yandex-cloud/go-genproto,['v0.0.0-20210824140926-1bca7bc0c005'],['[]']
github.com/yandex-cloud/go-sdk,['v0.0.0-20210824141121-182aedd44a25'],['[]']
github.com/yashtewari/glob-intersection,['v0.1.0'],['[]']
github.com/youmark/pkcs8,['v0.0.0-20181117223130-1be2e3e5546d'],['[]']
github.com/zalando/go-keyring,['v0.1.1'],['[]']
github.com/zclconf/go-cty,['v1.9.1' 'v1.4.0'],['[]']
github.com/zclconf/go-cty-yaml,['v1.0.1'],['[]']
glob,['7.1.5' '7.1.6' '7.2.0' '7.1.2'],['[]' '[ISC]']
glob-parent,['5.1.1' '3.1.0' '5.0.0'],['[]']
glob-to-regexp,['0.3.0'],['[]']
globals,['12.3.0'],['[]']
globby,['8.0.2' '10.0.1' '11.0.1'],['[]']
go.lsp.dev/jsonrpc2,['v0.9.0'],['[]']
go.lsp.dev/pkg,['v0.0.0-20210323044036-f7deec69b52e'],['[]']
go.lsp.dev/protocol,['v0.11.2'],['[]']
go.lsp.dev/uri,['v0.3.0'],['[]']
go.opentelemetry.io/otel,['v0.20.0' 'v1.8.0'],['[]']
go.opentelemetry.io/otel/exporters/stdout,['v0.20.0'],['[]']
go.opentelemetry.io/otel/exporters/trace/jaeger,['v0.20.0'],['[]']
go.opentelemetry.io/otel/metric,['v0.20.0'],['[]']
go.opentelemetry.io/otel/sdk,['v0.20.0' 'v1.8.0'],['[]']
go.opentelemetry.io/otel/sdk/export/metric,['v0.20.0'],['[]']
go.opentelemetry.io/otel/sdk/metric,['v0.20.0'],['[]']
go.opentelemetry.io/otel/trace,['v0.20.0' 'v1.8.0'],['[]']
go.uber.org/automaxprocs,['v1.4.1-0.20220314153950-975e177ad84f'],['[]']
golang.org/x/mobile,['v0.0.0-20210901025245-1fde1d6c3ca1'],['[]']
golang.org/x/tools,['v0.1.10'],['[]']
gomodules.xyz/jsonpatch/v2,['v2.2.0'],['[]']
google-api-client,['1.25.0'],['[]']
google-api-services-storage,['v1-rev171-1.25.0'],['[]']
google-api-services-storage-v1-rev171,['1.25.0'],['[]']
google-chrome-stable,['105.0.5195.102-1'],['[]']
google-compute-engine,['20220211.00-0ubuntu1~20.04.0'],['[Apache-2.0 GPL GPL-2+]']
google-compute-engine-oslogin,['20210907.00-0ubuntu1~20.04.0'],['[Apache-2.0 Expat]']
google-crc32c,['1.3.0'],['[Apache 2.0]']
google-guest-agent,['20220622.00-0ubuntu2~20.04.0'],['[Apache-2 Apache-2.0 BSD-3-clause Expat Zlib]']
google-http-client,['1.25.0'],['[]']
google-http-client-jackson2,['1.25.0'],['[]']
google-oauth-client,['1.25.0'],['[]']
google-osconfig-agent,['20210608.1-0ubuntu1~20.04.0'],['[Apache-2.0 BSD-3-clause Expat]']
gopkg.in/src-d/go-billy.v4,['v4.3.2'],['[]']
gopkg.in/src-d/go-git.v4,['v4.13.1'],['[]']
gopkg.in/warnings.v0,['v0.1.2'],['[]']
got,['8.3.2' '9.6.0'],['[MIT]']
gpars,['1.2.1'],['[]']
graceful-fs,['4.2.3' '4.2.4'],['[ISC]']
gradle,['build-operations-7.5.1' 'build-profile-7.5.1' 'build-option-7.5.1' 'build-cache-packaging-7.5.1' 'build-cache-http-7.5.1' 'build-init-7.5.1' 'build-events-7.5.1' 'build-cache-7.5.1' 'build-cache-base-7.5.1'],['[]']
gradle-antlr,['7.5.1'],['[]']
gradle-api-metadata,['7.5.1'],['[]']
gradle-base-annotations,['7.5.1'],['[]']
gradle-base-services,['7.5.1'],['[]']
gradle-base-services-groovy,['7.5.1'],['[]']
gradle-bootstrap,['7.5.1'],['[]']
gradle-cli,['7.5.1'],['[]']
gradle-code-quality,['7.5.1'],['[]']
gradle-composite,['builds-7.5.1'],['[]']
gradle-configuration-cache,['7.5.1'],['[]']
gradle-core,['7.5.1'],['[]']
gradle-core-api,['7.5.1'],['[]']
gradle-dependency-management,['7.5.1'],['[]']
gradle-diagnostics,['7.5.1'],['[]']
gradle-ear,['7.5.1'],['[]']
gradle-enterprise,['7.5.1'],['[]']
gradle-enterprise-logging,['7.5.1'],['[]']
gradle-enterprise-operations,['7.5.1'],['[]']
gradle-enterprise-workers,['7.5.1'],['[]']
gradle-execution,['7.5.1'],['[]']
gradle-file-collections,['7.5.1'],['[]']
gradle-file-temp,['7.5.1'],['[]']
gradle-file-watching,['7.5.1'],['[]']
gradle-files,['7.5.1'],['[]']
gradle-functional,['7.5.1'],['[]']
gradle-hashing,['7.5.1'],['[]']
gradle-ide,['7.5.1'],['[]']
gradle-ide-native,['7.5.1'],['[]']
gradle-installation-beacon,['7.5.1'],['[]']
gradle-ivy,['7.5.1'],['[]']
gradle-jacoco,['7.5.1'],['[]']
gradle-java-compiler-plugin,['7.5.1'],['[]']
gradle-jvm-services,['7.5.1'],['[]']
gradle-kotlin-dsl,['7.5.1'],['[]']
gradle-kotlin-dsl-provider-plugins,['7.5.1'],['[]']
gradle-kotlin-dsl-tooling,['builders-7.5.1'],['[]']
gradle-kotlin-dsl-tooling-models,['7.5.1'],['[]']
gradle-language-groovy,['7.5.1'],['[]']
gradle-language-java,['7.5.1'],['[]']
gradle-language-jvm,['7.5.1'],['[]']
gradle-language-native,['7.5.1'],['[]']
gradle-launcher,['7.5.1'],['[]']
gradle-logging,['7.5.1'],['[]']
gradle-logging-api,['7.5.1'],['[]']
gradle-maven,['7.5.1'],['[]']
gradle-messaging,['7.5.1'],['[]']
gradle-model-core,['7.5.1'],['[]']
gradle-model-groovy,['7.5.1'],['[]']
gradle-native,['7.5.1'],['[]']
gradle-normalization-java,['7.5.1'],['[]']
gradle-persistent-cache,['7.5.1'],['[]']
gradle-platform-base,['7.5.1'],['[]']
gradle-platform-jvm,['7.5.1'],['[]']
gradle-platform-native,['7.5.1'],['[]']
gradle-plugin-development,['7.5.1'],['[]']
gradle-plugin-use,['7.5.1'],['[]']
gradle-plugins,['7.5.1'],['[]']
gradle-problems,['7.5.1'],['[]']
gradle-process-services,['7.5.1'],['[]']
gradle-publish,['7.5.1'],['[]']
gradle-reporting,['7.5.1'],['[]']
gradle-resources,['7.5.1'],['[]']
gradle-resources-gcs,['7.5.1'],['[]']
gradle-resources-http,['7.5.1'],['[]']
gradle-resources-s3,['7.5.1'],['[]']
gradle-resources-sftp,['7.5.1'],['[]']
gradle-runtime-api-info,['7.5.1'],['[]']
gradle-scala,['7.5.1'],['[]']
gradle-security,['7.5.1'],['[]']
gradle-signing,['7.5.1'],['[]']
gradle-snapshots,['7.5.1'],['[]']
gradle-test-kit,['7.5.1'],['[]']
gradle-testing-base,['7.5.1'],['[]']
gradle-testing-junit-platform,['7.5.1'],['[]']
gradle-testing-jvm,['7.5.1'],['[]']
gradle-testing-native,['7.5.1'],['[]']
gradle-tooling-api,['7.5.1' 'builders-7.5.1'],['[]']
gradle-tooling-native,['7.5.1'],['[]']
gradle-version-control,['7.5.1'],['[]']
gradle-worker-processes,['7.5.1'],['[]']
gradle-worker-services,['7.5.1'],['[]']
gradle-workers,['7.5.1'],['[]']
gradle-wrapper,[nan '7.5.1'],['[]']
gradle-wrapper-shared,['7.5.1'],['[]']
groovy,['4.0.3-grooid' '3.0.10' '4.0.3'],['[]']
groovy-ant,['3.0.10' '4.0.3'],['[]']
groovy-astbuilder,['3.0.10' '4.0.3'],['[]']
groovy-cli-commons,['4.0.3'],['[]']
groovy-cli-picocli,['4.0.3'],['[]']
groovy-console,['3.0.10' '4.0.3'],['[]']
groovy-contracts,['4.0.3'],['[]']
groovy-datetime,['3.0.10' '4.0.3'],['[]']
groovy-dateutil,['3.0.10' '4.0.3'],['[]']
groovy-docgenerator,['3.0.10' '4.0.3'],['[]']
groovy-ginq,['4.0.3'],['[]']
groovy-groovydoc,['3.0.10' '4.0.3'],['[]']
groovy-groovysh,['4.0.3'],['[]']
groovy-jmx,['4.0.3'],['[]']
groovy-json,['3.0.10' '4.0.3'],['[]']
groovy-jsr223,['4.0.3'],['[]']
groovy-macro,['4.0.3'],['[]']
groovy-macro-library,['4.0.3'],['[]']
groovy-nio,['3.0.10' '4.0.3'],['[]']
groovy-servlet,['4.0.3'],['[]']
groovy-sql,['3.0.10' '4.0.3'],['[]']
groovy-swing,['3.0.10' '4.0.3'],['[]']
groovy-templates,['3.0.10' '4.0.3'],['[]']
groovy-test,['4.0.3-grooid' '3.0.10' '4.0.3'],['[]']
groovy-test-junit5,['4.0.3'],['[]']
groovy-testng,['4.0.3'],['[]']
groovy-toml,['4.0.3'],['[]']
groovy-typecheckers,['4.0.3'],['[]']
groovy-xml,['3.0.10' '4.0.3'],['[]']
groovy-yaml,['4.0.3'],['[]']
growl,['1.10.5'],['[]']
growly,['1.3.0'],['[MIT]']
grpcio,['1.44.0'],['[Apache License 2.0]']
grub-common,['2.04-1ubuntu26.15'],['[CC-BY-SA-3.0 Expat GPL-3 GPL-3+]']
grub-efi-amd64-bin,['2.04-1ubuntu44.2'],['[CC-BY-SA-3.0 Expat GPL-3 GPL-3+]']
grub-efi-amd64-signed,['1.167.2+2.04-1ubuntu44.2'],['[GPL-3 GPL-3+]']
grub-gfxpayload-lists,['0.7'],['[GPL-3 GPL-3+]']
grub-pc,['2.04-1ubuntu26.15'],['[CC-BY-SA-3.0 Expat GPL-3 GPL-3+]']
grub-pc-bin,['2.04-1ubuntu26.15'],['[CC-BY-SA-3.0 Expat GPL-3 GPL-3+]']
grub2-common,['2.04-1ubuntu26.15'],['[CC-BY-SA-3.0 Expat GPL-3 GPL-3+]']
gson,['2.8.9'],['[]']
gtk-update-icon-cache,['3.24.20-0ubuntu1.1'],['[Apache-2.0 Expat LGPL-2 LGPL-2+ LGPL-2.1 LGPL-2.1+ SWL X11R5-permissive check-gdk-cairo-permissive other]']
hamcrest-core,['1.3'],['[]']
has,['1.0.3'],['[]']
has-ansi,['2.0.0'],['[MIT]']
has-bigints,['1.0.2'],['[]']
has-flag,['2.0.0' '3.0.0' '4.0.0'],['[]' '[MIT]']
has-property-descriptors,['1.0.0'],['[]']
has-symbol-support-x,['1.4.2'],['[MIT]']
has-symbols,['1.0.3' '1.0.0' '1.0.2'],['[]']
has-to-string-tag-x,['1.4.1'],['[MIT]']
has-tostringtag,['1.0.0'],['[]']
has-unicode,['2.0.1'],['[]']
has-value,['0.3.1' '1.0.0'],['[]']
has-values,['0.1.4' '1.0.0'],['[]']
haveged,['1.9.1-6ubuntu1'],['[GPL-3 GPL-3+ permissive-mconf permissive-nist public-domain]']
he,['1.1.1'],['[]']
helix-cli,['2022.1-2305383~focal'],['[GPL-2 GPL-2+ http://www.perforce.com/purchase/pricing-licensing]']
helix-cli-base,['2022.1-2305383~focal'],['[GPL-2 GPL-2+ http://www.perforce.com/purchase/pricing-licensing]']
helix-p4d,['2022.1-2305383~focal'],['[GPL-2 GPL-2+ http://www.perforce.com/purchase/pricing-licensing]']
helix-p4d-base,['2022.1-2305383~focal'],['[GPL-2 GPL-2+ http://www.perforce.com/purchase/pricing-licensing]']
helix-p4d-base-22.1,['2022.1-2305383~focal'],['[GPL-2 GPL-2+ http://www.perforce.com/purchase/pricing-licensing]']
helix-p4dctl,['2022.1-2305383~focal'],['[Perforce]']
here,['0.0.2'],['[MIT]']
heroku-cli-util,['8.0.12' '8.0.11'],['[ISC]']
heroku-client,['3.1.0'],['[MIT]']
heroku-exec-util,['0.7.5'],['[ISC]']
hicolor-icon-theme,['0.17-2'],['[GPL-2 GPL-2+]']
hooke,['1.3.0'],['[]']
hosted-git-info,['4.0.2' '2.8.9'],['[]']
hppc,['0.8.1'],['[]']
htmlparser2,['6.1.0'],['[]']
http-cache-semantics,['3.8.1' '4.0.1'],['[BSD-2-Clause]']
http-call,['5.2.4' '5.2.5' '5.3.0'],['[ISC]']
http-proxy,['1.18.1'],['[MIT]']
http-proxy-agent,['4.0.1'],['[]']
httpasyncclient,['4.1.4'],['[]']
httpbin,['0.7.0'],['[]']
httpclient-cache,['4.5.10'],['[]']
httpcore-nio,['4.4.12'],['[]']
https-proxy-agent,['5.0.0'],['[]']
humanity-icon-theme,['0.6.15'],['[GPL-2 GPL-3 LGPL-3]']
hyperlinker,['1.0.0'],['[MIT]']
i18n,['1.8.11'],['[]']
iconv-lite,['0.4.24'],['[MIT]']
icu4j,['62.1'],['[]']
ieee754,['1.2.1' '1.1.13'],['[]' '[BSD-3-Clause]']
ignore,['5.1.8' '4.0.6' '3.3.10' '5.1.2'],['[]']
imagemagick,['8:6.9.10.23+dfsg-2.1ubuntu11.4'],['[Artistic BSD-with-FSF-change-public-domain GNU-All-Permissive-License GPL-1 GPL-2 GPL-2+ GPL-3 GPL2+-with-Autoconf-Macros-exception GPL3+-with-Autoconf-Macros-exception GPL3+-with-Autoconf-Macros-exception-GNU ImageMagick ImageMagickLicensePartEZXML ImageMagickLicensePartFIG ImageMagickLicensePartGsview ImageMagickLicensePartOpenSSH ImageMagickPartGraphicsMagick ImageMagickPartlibjpeg ImageMagickPartlibsquish LGPL-3 LGPL-3+ Magick++ Makefile-in Perllikelicence TatcherUlrichPublicDomain aclocal]']
imagemagick-6-common,['8:6.9.10.23+dfsg-2.1ubuntu11.4'],['[Artistic BSD-with-FSF-change-public-domain GNU-All-Permissive-License GPL-1 GPL-2 GPL-2+ GPL-3 GPL2+-with-Autoconf-Macros-exception GPL3+-with-Autoconf-Macros-exception GPL3+-with-Autoconf-Macros-exception-GNU ImageMagick ImageMagickLicensePartEZXML ImageMagickLicensePartFIG ImageMagickLicensePartGsview ImageMagickLicensePartOpenSSH ImageMagickPartGraphicsMagick ImageMagickPartlibjpeg ImageMagickPartlibsquish LGPL-3 LGPL-3+ Magick++ Makefile-in Perllikelicence TatcherUlrichPublicDomain aclocal]']
imagemagick-6.q16,['8:6.9.10.23+dfsg-2.1ubuntu11.4'],['[Artistic BSD-with-FSF-change-public-domain GNU-All-Permissive-License GPL-1 GPL-2 GPL-2+ GPL-3 GPL2+-with-Autoconf-Macros-exception GPL3+-with-Autoconf-Macros-exception GPL3+-with-Autoconf-Macros-exception-GNU ImageMagick ImageMagickLicensePartEZXML ImageMagickLicensePartFIG ImageMagickLicensePartGsview ImageMagickLicensePartOpenSSH ImageMagickPartGraphicsMagick ImageMagickPartlibjpeg ImageMagickPartlibsquish LGPL-3 LGPL-3+ Magick++ Makefile-in Perllikelicence TatcherUlrichPublicDomain aclocal]']
import-fresh,['3.0.0'],['[]']
import-modules,['1.1.0'],['[]']
imurmurhash,['0.1.4'],['[]']
indent-string,['3.2.0' '4.0.0'],['[MIT]']
inflight,['1.0.6'],['[]' '[ISC]']
ingest-common,['7.16.3'],['[]']
ingest-geoip,['7.16.3'],['[]']
ingest-user-agent,['7.16.3'],['[]']
inherits,['2.0.4'],['[]' '[ISC]']
ini,['1.3.8'],['[]']
iniconfig,['1.0.0' '1.1.1'],['[MIT License]']
inquirer,['7.0.0' '6.2.2' '7.0.1'],['[MIT]']
intel-microcode,['3.20220809.0ubuntu0.20.04.1'],['[GPL-2]']
internal-slot,['1.0.3'],['[]']
into-stream,['3.1.0'],['[MIT]']
io,['0.3.1'],['[]']
ion-java,['1.0.2'],['[]']
ip-address,['5.8.9'],['[MIT]']
is-accessor-descriptor,['1.0.0' '0.1.6'],['[]']
is-arguments,['1.1.1'],['[]']
is-arrayish,['0.2.1'],['[MIT]']
is-bigint,['1.0.4'],['[]']
is-boolean-object,['1.1.2'],['[]']
is-buffer,['1.1.6'],['[]']
is-callable,['1.1.4' '1.2.4'],['[]']
is-core-module,['2.2.0'],['[]']
is-data-descriptor,['0.1.4' '1.0.0'],['[]']
is-date-object,['1.0.1'],['[]']
is-descriptor,['0.1.6' '1.0.2'],['[]']
is-docker,['2.1.1'],['[MIT]']
is-extendable,['1.0.1' '0.1.1'],['[]']
is-extglob,['2.1.1'],['[MIT]']
is-fullwidth-code-point,['2.0.0' '3.0.0' '1.0.0'],['[]' '[MIT]']
is-generator-function,['1.0.10'],['[]']
is-glob,['3.1.0' '4.0.1'],['[MIT]']
is-negative-zero,['2.0.2'],['[]']
is-number,['3.0.0' '7.0.0'],['[]']
is-number-object,['1.0.7'],['[]']
is-object,['1.0.1'],['[MIT]']
is-plain-obj,['2.0.0' '1.1.0'],['[]']
is-plain-object,['2.0.4'],['[]']
is-promise,['2.1.0'],['[MIT]']
is-regex,['1.1.4'],['[]']
is-retry-allowed,['1.2.0'],['[MIT]']
is-shared-array-buffer,['1.0.2'],['[]']
is-stream,['2.0.0' '1.1.0'],['[MIT]']
is-string,['1.0.7'],['[]']
is-symbol,['1.0.2' '1.0.4'],['[]']
is-typed-array,['1.1.9'],['[]']
is-typedarray,['1.0.0'],['[]']
is-url,['1.2.4'],['[MIT]']
is-weakref,['1.0.2'],['[]']
is-windows,['1.0.2'],['[]']
is-wsl,['1.1.0' '2.2.0'],['[MIT]']
isarray,['0.0.1' '1.0.0'],['[]' '[MIT]']
isexe,['2.0.0'],['[ISC]']
isobject,['3.0.1' '2.1.0'],['[]']
istack-commons-runtime,['4.0.0'],['[]']
isurl,['1.0.0'],['[MIT]']
iterm2-version,['4.2.0'],['[MIT]']
iucode-tool,['2.3.1-1'],['[Expat~X GAP~INSTALL GAP~Makefile GAP~configure GAP~m4reqdef GPL-2 GPL-2.0+ GPL-3 GPL-3.0+]']
ivy,['2.3.0' '2.5.0'],['[]']
iw,['5.4-1'],['[ISC]']
jackson-annotations,['2.10.4' '2.13.3'],['[]']
jackson-core,['2.10.4' '2.13.3'],['[]']
jackson-databind,['2.10.4' '2.13.3'],['[]']
jackson-dataformat-cbor,['2.10.4'],['[]']
jackson-dataformat-smile,['2.10.4'],['[]']
jackson-dataformat-toml,['2.13.3'],['[]']
jackson-dataformat-yaml,['2.10.4' '2.13.3'],['[]']
jakarta.activation,['2.0.0' '1.2.1'],['[]']
jakarta.mail,['1.6.4' '1.6.3'],['[]']
jakarta.xml.bind-api,['3.0.0'],['[]']
jatl,['0.2.3'],['[]']
java-support,['7.5.1'],['[]']
java-version-checker,['7.16.3'],['[]']
javaparser-core,['3.24.2' '3.17.0'],['[]']
javax.annotation-api,['1.2'],['[]']
jaxb-core,['3.0.0'],['[]']
jaxb-impl,['3.0.0'],['[]']
jaxb-runtime,['3.0.0'],['[]']
jcifs,['1.3.17'],['[]']
jcip-annotations,['1.0'],['[]']
jcodings,['1.0.44'],['[]']
jcommander,['1.78'],['[]']
jctools-core,['3.1.0'],['[]']
jeepney,['0.8.0'],['[]']
jline,['2.14.6'],['[]']
jline-reader,['3.14.1'],['[]']
jline-style,['3.14.1'],['[]']
jline-terminal,['3.14.1'],['[]']
jline-terminal-jna,['3.14.1'],['[]']
jmespath,['0.16.0'],['[]']
jmespath-java,['1.11.948'],['[]']
jna,['5.10.0'],['[]']
joda-time,['2.10.4' '2.10.10'],['[]']
joni,['2.1.29'],['[]']
jopt-simple,['5.0.2'],['[]']
jquery,['3.5.1'],['[]']
js-tokens,['4.0.0'],['[]']
js-yaml,['3.14.0'],['[MIT]']
jsbn,['1.1.0'],['[MIT]']
jsch,['0.1.55'],['[]']
json-buffer,['3.0.0'],['[MIT]']
json-parse-better-errors,['1.0.2'],['[MIT]']
json-schema-traverse,['0.4.1'],['[]']
json-smart,['1.3.2' '2.4.2'],['[]']
json-stable-stringify-without-jsonify,['1.0.1'],['[]']
json-stringify-safe,['5.0.1'],['[]']
jsonfile,['6.0.1' '4.0.0'],['[MIT]']
jsr166y,['1.7.0'],['[]']
jsr305,['3.0.2'],['[]']
jts-core,['1.15.0'],['[]']
jul-to-slf4j,['1.7.30'],['[]']
junit,['4.13.2'],['[]']
junit-jupiter-api,['5.8.2'],['[]']
junit-jupiter-engine,['5.8.2'],['[]']
junit-platform-commons,['1.8.2'],['[]']
junit-platform-engine,['1.8.2'],['[]']
junit-platform-launcher,['1.8.2'],['[]']
just-extend,['4.0.2'],['[]']
jzlib,['1.1.3'],['[]']
k8s.io/apiextensions-apiserver,['v0.18.2'],['[]']
k8s.io/cluster-bootstrap,['v0.22.4'],['[]']
k8s.io/component-base,['v0.24.3'],['[]']
k8s.io/klog,['v1.0.0'],['[]']
k8s.io/kubectl,['v0.24.3' 'v0.21.6'],['[]']
k8s.io/minikube,['v0.0.0-20220802214133-62e108c3dfde'],['[]']
keypair,['1.0.1' '1.0.4'],['[BSD / GPL]']
keystore-cli,['7.16.3'],['[]']
keytar,['7.7.0'],['[]']
keyv,['3.0.0' '3.1.0'],['[MIT]']
kibana,['7.16.3'],['[]']
kind-of,['5.1.0' '3.2.2' '6.0.2' '4.0.0'],['[]']
knative.dev/pkg,['v0.0.0-20211004133827-74ac82a333a4'],['[]']
kotlin-compiler-embeddable,['1.6.21-patched-for-gradle-7.5.1'],['[]']
kotlin-daemon-embeddable,['1.6.21'],['[]']
kotlin-reflect,['1.6.21'],['[]']
kotlin-sam-with-receiver-compiler-plugin,['1.6.21'],['[]']
kotlin-script-runtime,['1.6.21'],['[]']
kotlin-scripting-common,['1.6.21'],['[]']
kotlin-scripting-compiler-embeddable,['1.6.21'],['[]']
kotlin-scripting-compiler-impl-embeddable,['1.6.21'],['[]']
kotlin-scripting-jvm,['1.6.21'],['[]']
kotlin-scripting-jvm-host,['1.6.21'],['[]']
kotlin-stdlib,['1.6.21'],['[]']
kotlin-stdlib-common,['1.6.21'],['[]']
kotlin-stdlib-jdk7,['1.6.21'],['[]']
kotlin-stdlib-jdk8,['1.6.21'],['[]']
kotlinx-metadata-jvm,['0.4.1'],['[]']
krb5-locales,['1.17-6ubuntu4.1'],['[GPL-2]']
kryo,['2.24.0'],['[]']
lang-expression,['7.16.3'],['[]']
lang-mustache-client,['7.16.3'],['[]']
lang-painless,['7.16.3'],['[]']
lang-tag,['1.4.4'],['[]']
language-pack-en,['1:20.04+20220818'],['[GPL]']
language-pack-en-base,['1:20.04+20220818'],['[GPL]']
language-pack-pt,['1:20.04+20220818'],['[GPL]']
language-pack-pt-base,['1:20.04+20220818'],['[GPL]']
language_server-protocol,['3.16.0.3'],['[]']
laptop-detect,['0.16'],['[BSD-3-Clause]']
legacy-geo,['7.16.3'],['[]']
leiningen,['2.9.10'],['[]']
leiningen-core,['2.9.10'],['[]']
lemon,['3.31.1-4ubuntu0.3'],['[GPL-2 GPL-2+ public-domain]']
leven,['3.1.0'],['[]']
levn,['0.3.0'],['[]']
libatk-bridge2.0-0,['2.34.2-0ubuntu2~20.04.1'],['[GPL-2 LGPL-2 LGPL-2+]']
libatk1.0-0,['2.35.1-1ubuntu2'],['[LGPL-2]']
libatk1.0-data,['2.35.1-1ubuntu2'],['[LGPL-2]']
libatspi2.0-0,['2.36.0-2'],['[AFL-2.1 GPL-2 GPL-2+ LGPL-2 LGPL-2+ public-domain]']
libblkid-dev,['2.34-0.1ubuntu9.3'],['[BSD-2-clause BSD-3-clause BSD-4-clause GPL-2 GPL-2+ GPL-3 GPL-3+ LGPL LGPL-2 LGPL-2+ LGPL-2.1 LGPL-2.1+ LGPL-3 LGPL-3+ MIT public-domain]']
libblockdev2,['2.23-2ubuntu3'],['[]']
libboost-iostreams1.71.0,['1.71.0-6ubuntu6'],['[Apache-2.0 BSD2 BSD3_DEShaw BSD3_Google BSL-1.0 Caramel CrystalClear HP Jam Kempf MIT NIST OldBoost1 OldBoost2 OldBoost3 Python SGI Spencer Zlib]']
libcairo-gobject2,['1.16.0-4ubuntu1'],['[LGPL-2.1]']
libcairo-script-interpreter2,['1.16.0-4ubuntu1'],['[LGPL-2.1]']
libcairo2,['1.16.0-4ubuntu1'],['[LGPL-2.1]']
libcairo2-dev,['1.16.0-4ubuntu1'],['[LGPL-2.1]']
libcolord2,['1.4.4-2'],['[CC0 GFDL-NIV GPL-2 GPL-2+ LGPL-2.1+]']
libcroco3,['0.6.13-1'],['[LGPL]']
libcurl4-gnutls-dev,['7.68.0-1ubuntu2.13'],['[BSD-3-Clause BSD-4-Clause ISC curl other public-domain]']
libcwidget4,['0.5.18-5build1'],['[GPL-2 GPL-2+]']
libdatrie1,['0.2.12-3'],['[GPL-2 GPL-2+ LGPL-2.1 LGPL-2.1+]']
libdbus-glib-1-2,['0.110-5fakssync1'],['[AFL-2.1 Expat GPL-2 GPL-2+]']
libdjvulibre-dev,['3.5.27.1-14ubuntu0.1'],['[GPL-2]']
libdjvulibre-text,['3.5.27.1-14ubuntu0.1'],['[GPL-2]']
libdjvulibre21,['3.5.27.1-14ubuntu0.1'],['[GPL-2]']
libdrm-amdgpu1,['2.4.107-8ubuntu1~20.04.2'],['[]']
libdrm-intel1,['2.4.107-8ubuntu1~20.04.2'],['[]']
libdrm-nouveau2,['2.4.107-8ubuntu1~20.04.2'],['[]']
libdrm-radeon1,['2.4.107-8ubuntu1~20.04.2'],['[]']
libefiboot1,['37-2ubuntu2.2'],['[GPL-2 GPL-2.0+ LGPL-2 LGPL-2.0+]']
libefivar1,['37-2ubuntu2.2'],['[GPL-2 GPL-2.0+ LGPL-2 LGPL-2.0+]']
libegl-mesa0,['21.2.6-0ubuntu0.1~20.04.2'],['[Apache-2.0 BSD-2-clause BSD-3-google BSL GPL Khronos MIT MLAA SGI]']
libegl1,['1.3.2-1~ubuntu0.20.04.2'],['[Apache-2.0 BSD-1-clause GPL GPL-3 GPL-3+ MIT]']
libelf-dev,['0.176-1.1build1'],['[GPL-2 GPL-3 LGPL-]']
libepoxy0,['1.5.4-1'],['[Expat]']
libestr0,['0.1.10-2.1'],['[LGPL-2.1]']
libexif-dev,['0.6.21-6ubuntu0.4'],['[BSD-2-Clause GPL-2 GPL-2+ LGPL-2.1 LGPL-2.1+]']
libexif12,['0.6.21-6ubuntu0.4'],['[BSD-2-Clause GPL-2 GPL-2+ LGPL-2.1 LGPL-2.1+]']
libfastjson4,['0.99.8-2'],['[Apache-2.0 Expat]']
libfftw3-double3,['3.3.8-2ubuntu1'],['[GPL-2]']
libfontenc1,['1:1.1.4-0ubuntu1'],['[]']
libgbm1,['21.2.6-0ubuntu0.1~20.04.2'],['[Apache-2.0 BSD-2-clause BSD-3-google BSL GPL Khronos MIT MLAA SGI]']
libgdk-pixbuf2.0-0,['2.40.0+dfsg-3ubuntu0.3'],['[GPL-2 GPL-2+ LGPL-2 LGPL-2+ MPL-1.1-or-LGPL-2+]']
libgdk-pixbuf2.0-bin,['2.40.0+dfsg-3ubuntu0.3'],['[GPL-2 GPL-2+ LGPL-2 LGPL-2+ MPL-1.1-or-LGPL-2+]']
libgdk-pixbuf2.0-common,['2.40.0+dfsg-3ubuntu0.3'],['[GPL-2 GPL-2+ LGPL-2 LGPL-2+ MPL-1.1-or-LGPL-2+]']
libgdk-pixbuf2.0-dev,['2.40.0+dfsg-3ubuntu0.3'],['[GPL-2 GPL-2+ LGPL-2 LGPL-2+ MPL-1.1-or-LGPL-2+]']
libgl1,['1.3.2-1~ubuntu0.20.04.2'],['[Apache-2.0 BSD-1-clause GPL GPL-3 GPL-3+ MIT]']
libgl1-mesa-dri,['21.2.6-0ubuntu0.1~20.04.2'],['[Apache-2.0 BSD-2-clause BSD-3-google BSL GPL Khronos MIT MLAA SGI]']
libglapi-mesa,['21.2.6-0ubuntu0.1~20.04.2'],['[Apache-2.0 BSD-2-clause BSD-3-google BSL GPL Khronos MIT MLAA SGI]']
libglib2.0-dev,['2.64.6-1~ubuntu20.04.4'],['[Expat GPL-2+ LGPL]']
libglib2.0-dev-bin,['2.64.6-1~ubuntu20.04.4'],['[Expat GPL-2+ LGPL]']
libglu1-mesa,['9.0.1-1build1'],['[GPL-2 LGPL-2 SGI-1.1 SGI-2]']
libglvnd0,['1.3.2-1~ubuntu0.20.04.2'],['[Apache-2.0 BSD-1-clause GPL GPL-3 GPL-3+ MIT]']
libglx-mesa0,['21.2.6-0ubuntu0.1~20.04.2'],['[Apache-2.0 BSD-2-clause BSD-3-google BSL GPL Khronos MIT MLAA SGI]']
libglx0,['1.3.2-1~ubuntu0.20.04.2'],['[Apache-2.0 BSD-1-clause GPL GPL-3 GPL-3+ MIT]']
libgmp3-dev,['2:6.2.0+dfsg-4'],['[GPL GPL-2 GPL-3 LGPL-3]']
libgraphite2-3,['1.3.13-11build1'],['[Artistic GPL-1 GPL-1+ GPL-2 GPL-2+ LGPL-2.1 LGPL-2.1+ MPL-1.1 custom-sil-open-font-license public-domain]']
libgtk-3-0,['3.24.20-0ubuntu1.1'],['[Apache-2.0 Expat LGPL-2 LGPL-2+ LGPL-2.1 LGPL-2.1+ SWL X11R5-permissive check-gdk-cairo-permissive other]']
libgtk-3-common,['3.24.20-0ubuntu1.1'],['[Apache-2.0 Expat LGPL-2 LGPL-2+ LGPL-2.1 LGPL-2.1+ SWL X11R5-permissive check-gdk-cairo-permissive other]']
libgtk2.0-0,['2.24.32-4ubuntu4'],['[LGPL-2 other]']
libgtk2.0-common,['2.24.32-4ubuntu4'],['[LGPL-2 other]']
libharfbuzz0b,['2.6.4-1ubuntu4.2'],['[MIT]']
libhashkit-dev,['1.0.18-4.2ubuntu2'],['[BSD-3-clause BSD-3-clause-Sun BSD-3-clause-TangentOrg Bob-Jenkins Paul-Hsieh RSA-Data-Security]']
libhashkit2,['1.0.18-4.2ubuntu2'],['[BSD-3-clause BSD-3-clause-Sun BSD-3-clause-TangentOrg Bob-Jenkins Paul-Hsieh RSA-Data-Security]']
libhavege1,['1.9.1-6ubuntu1'],['[GPL-3 GPL-3+ permissive-mconf permissive-nist public-domain]']
libilmbase-dev,['2.3.0-6build1'],['[boost ilmbase]']
libilmbase24,['2.3.0-6build1'],['[boost ilmbase]']
libjbig-dev,['2.1-3.1build1'],['[GPL-2 GPL-2+]']
libjs-jquery,['3.3.1~dfsg-3'],['[BSD-3-clause GPL-2 MIT]']
libjs-jquery-metadata,['12-1.1'],['[Apache-2.0 BSD-3-clause GPL GPL-2 GPL-2+ MIT]']
libjs-jquery-tablesorter,['1:2.31.1+dfsg1-1'],['[Apache-2.0 GPL-2 GPL-2+ expat]']
liblcms2-dev,['2.9-4'],['[GPL-2 GPL-2+ MIT]']
libllvm12,['1:12.0.0-3ubuntu1~20.04.5'],['[APACHE-2-LLVM-EXCEPTIONS Apache-2.0 BSD-3-Clause BSD-3-clause MIT Python solar-public-domain]']
liblockfile-bin,['1.16-1.1'],['[GPL-2 GPL-2+ LGPL-2 LGPL-2+]']
liblockfile1,['1.16-1.1'],['[GPL-2 GPL-2+ LGPL-2 LGPL-2+]']
liblqr-1-0,['0.4.2-2.1'],['[GPL-3 GPLv3 LGPL-3]']
liblqr-1-0-dev,['0.4.2-2.1'],['[GPL-3 GPLv3 LGPL-3]']
libltdl-dev,['2.4.6-14'],['[GFDL GPL]']
libmagickcore-6-arch-config,['8:6.9.10.23+dfsg-2.1ubuntu11.4'],['[Artistic BSD-with-FSF-change-public-domain GNU-All-Permissive-License GPL-1 GPL-2 GPL-2+ GPL-3 GPL2+-with-Autoconf-Macros-exception GPL3+-with-Autoconf-Macros-exception GPL3+-with-Autoconf-Macros-exception-GNU ImageMagick ImageMagickLicensePartEZXML ImageMagickLicensePartFIG ImageMagickLicensePartGsview ImageMagickLicensePartOpenSSH ImageMagickPartGraphicsMagick ImageMagickPartlibjpeg ImageMagickPartlibsquish LGPL-3 LGPL-3+ Magick++ Makefile-in Perllikelicence TatcherUlrichPublicDomain aclocal]']
libmagickcore-6-headers,['8:6.9.10.23+dfsg-2.1ubuntu11.4'],['[Artistic BSD-with-FSF-change-public-domain GNU-All-Permissive-License GPL-1 GPL-2 GPL-2+ GPL-3 GPL2+-with-Autoconf-Macros-exception GPL3+-with-Autoconf-Macros-exception GPL3+-with-Autoconf-Macros-exception-GNU ImageMagick ImageMagickLicensePartEZXML ImageMagickLicensePartFIG ImageMagickLicensePartGsview ImageMagickLicensePartOpenSSH ImageMagickPartGraphicsMagick ImageMagickPartlibjpeg ImageMagickPartlibsquish LGPL-3 LGPL-3+ Magick++ Makefile-in Perllikelicence TatcherUlrichPublicDomain aclocal]']
libmagickcore-6.q16-6,['8:6.9.10.23+dfsg-2.1ubuntu11.4'],['[Artistic BSD-with-FSF-change-public-domain GNU-All-Permissive-License GPL-1 GPL-2 GPL-2+ GPL-3 GPL2+-with-Autoconf-Macros-exception GPL3+-with-Autoconf-Macros-exception GPL3+-with-Autoconf-Macros-exception-GNU ImageMagick ImageMagickLicensePartEZXML ImageMagickLicensePartFIG ImageMagickLicensePartGsview ImageMagickLicensePartOpenSSH ImageMagickPartGraphicsMagick ImageMagickPartlibjpeg ImageMagickPartlibsquish LGPL-3 LGPL-3+ Magick++ Makefile-in Perllikelicence TatcherUlrichPublicDomain aclocal]']
libmagickcore-6.q16-6-extra,['8:6.9.10.23+dfsg-2.1ubuntu11.4'],['[Artistic BSD-with-FSF-change-public-domain GNU-All-Permissive-License GPL-1 GPL-2 GPL-2+ GPL-3 GPL2+-with-Autoconf-Macros-exception GPL3+-with-Autoconf-Macros-exception GPL3+-with-Autoconf-Macros-exception-GNU ImageMagick ImageMagickLicensePartEZXML ImageMagickLicensePartFIG ImageMagickLicensePartGsview ImageMagickLicensePartOpenSSH ImageMagickPartGraphicsMagick ImageMagickPartlibjpeg ImageMagickPartlibsquish LGPL-3 LGPL-3+ Magick++ Makefile-in Perllikelicence TatcherUlrichPublicDomain aclocal]']
libmagickcore-6.q16-dev,['8:6.9.10.23+dfsg-2.1ubuntu11.4'],['[Artistic BSD-with-FSF-change-public-domain GNU-All-Permissive-License GPL-1 GPL-2 GPL-2+ GPL-3 GPL2+-with-Autoconf-Macros-exception GPL3+-with-Autoconf-Macros-exception GPL3+-with-Autoconf-Macros-exception-GNU ImageMagick ImageMagickLicensePartEZXML ImageMagickLicensePartFIG ImageMagickLicensePartGsview ImageMagickLicensePartOpenSSH ImageMagickPartGraphicsMagick ImageMagickPartlibjpeg ImageMagickPartlibsquish LGPL-3 LGPL-3+ Magick++ Makefile-in Perllikelicence TatcherUlrichPublicDomain aclocal]']
libmagickwand-6-headers,['8:6.9.10.23+dfsg-2.1ubuntu11.4'],['[Artistic BSD-with-FSF-change-public-domain GNU-All-Permissive-License GPL-1 GPL-2 GPL-2+ GPL-3 GPL2+-with-Autoconf-Macros-exception GPL3+-with-Autoconf-Macros-exception GPL3+-with-Autoconf-Macros-exception-GNU ImageMagick ImageMagickLicensePartEZXML ImageMagickLicensePartFIG ImageMagickLicensePartGsview ImageMagickLicensePartOpenSSH ImageMagickPartGraphicsMagick ImageMagickPartlibjpeg ImageMagickPartlibsquish LGPL-3 LGPL-3+ Magick++ Makefile-in Perllikelicence TatcherUlrichPublicDomain aclocal]']
libmagickwand-6.q16-6,['8:6.9.10.23+dfsg-2.1ubuntu11.4'],['[Artistic BSD-with-FSF-change-public-domain GNU-All-Permissive-License GPL-1 GPL-2 GPL-2+ GPL-3 GPL2+-with-Autoconf-Macros-exception GPL3+-with-Autoconf-Macros-exception GPL3+-with-Autoconf-Macros-exception-GNU ImageMagick ImageMagickLicensePartEZXML ImageMagickLicensePartFIG ImageMagickLicensePartGsview ImageMagickLicensePartOpenSSH ImageMagickPartGraphicsMagick ImageMagickPartlibjpeg ImageMagickPartlibsquish LGPL-3 LGPL-3+ Magick++ Makefile-in Perllikelicence TatcherUlrichPublicDomain aclocal]']
libmagickwand-6.q16-dev,['8:6.9.10.23+dfsg-2.1ubuntu11.4'],['[Artistic BSD-with-FSF-change-public-domain GNU-All-Permissive-License GPL-1 GPL-2 GPL-2+ GPL-3 GPL2+-with-Autoconf-Macros-exception GPL3+-with-Autoconf-Macros-exception GPL3+-with-Autoconf-Macros-exception-GNU ImageMagick ImageMagickLicensePartEZXML ImageMagickLicensePartFIG ImageMagickLicensePartGsview ImageMagickLicensePartOpenSSH ImageMagickPartGraphicsMagick ImageMagickPartlibjpeg ImageMagickPartlibsquish LGPL-3 LGPL-3+ Magick++ Makefile-in Perllikelicence TatcherUlrichPublicDomain aclocal]']
libmagickwand-dev,['8:6.9.10.23+dfsg-2.1ubuntu11.4'],['[Artistic BSD-with-FSF-change-public-domain GNU-All-Permissive-License GPL-1 GPL-2 GPL-2+ GPL-3 GPL2+-with-Autoconf-Macros-exception GPL3+-with-Autoconf-Macros-exception GPL3+-with-Autoconf-Macros-exception-GNU ImageMagick ImageMagickLicensePartEZXML ImageMagickLicensePartFIG ImageMagickLicensePartGsview ImageMagickLicensePartOpenSSH ImageMagickPartGraphicsMagick ImageMagickPartlibjpeg ImageMagickPartlibsquish LGPL-3 LGPL-3+ Magick++ Makefile-in Perllikelicence TatcherUlrichPublicDomain aclocal]']
libmemcached-dev,['1.0.18-4.2ubuntu2'],['[BSD-3-clause BSD-3-clause-Sun BSD-3-clause-TangentOrg Bob-Jenkins Paul-Hsieh RSA-Data-Security]']
libmemcached11,['1.0.18-4.2ubuntu2'],['[BSD-3-clause BSD-3-clause-Sun BSD-3-clause-TangentOrg Bob-Jenkins Paul-Hsieh RSA-Data-Security]']
libmemcachedutil2,['1.0.18-4.2ubuntu2'],['[BSD-3-clause BSD-3-clause-Sun BSD-3-clause-TangentOrg Bob-Jenkins Paul-Hsieh RSA-Data-Security]']
libmhash-dev,['0.9.9.9-8'],['[LGPL-2]']
libmhash2,['0.9.9.9-8'],['[LGPL-2]']
libmount-dev,['2.34-0.1ubuntu9.3'],['[BSD-2-clause BSD-3-clause BSD-4-clause GPL-2 GPL-2+ GPL-3 GPL-3+ LGPL LGPL-2 LGPL-2+ LGPL-2.1 LGPL-2.1+ LGPL-3 LGPL-3+ MIT public-domain]']
libmozjs-68-0,['68.6.0-1ubuntu1'],['[Apache-2.0 BSD-2-clause BSD-3-clause BSD-3-clause-ARM BSD-3-clause-ECMA BSD-3-clause-Google BSD-3-clause-Intel BSD-3-clause-SwapOff BSD-3-clause-UC BSD-3-clause-Voidspace BSD-3-clause-psutil Expat GPL-2 GPL-2+ GPL-3 GPL-3+ GPL-some-version ICU-IBM ICU-Unicode ISC LGPL-2.1 MIT-Lucent MPL-2.0 Zlib aclocal-public-domain nspr-public-domain sunsoft]']
libmsgpackc2,['3.0.1-3'],['[Boost-1 GPL-2 GPL-2+ GPL-3 MIT/X11]']
libmspack0,['0.10.1-2'],['[LGPL-2.1]']
libncursesw5-dev,['6.2-0ubuntu2'],['[]']
libnl-3-200,['3.4.0-1'],['[GPL-2 LGPL-2.1]']
libnl-genl-3-200,['3.4.0-1'],['[GPL-2 LGPL-2.1]']
libnotify4,['0.7.9-1ubuntu3.20.04.2'],['[LGPL-2.1]']
libopenexr-dev,['2.3.0-6ubuntu0.5'],['[BSD-3-clause GPL-2 GPL-2+ openexr]']
libopenexr24,['2.3.0-6ubuntu0.5'],['[BSD-3-clause GPL-2 GPL-2+ openexr]']
libossp-uuid-dev,['1.6.2-1.5build7'],['[]']
libossp-uuid16,['1.6.2-1.5build7'],['[]']
libpango-1.0-0,['1.44.7-2ubuntu4'],['[Chromium-BSD-style Example ICU LGPL-2 LGPL-2+ TCL Unicode]']
libpangocairo-1.0-0,['1.44.7-2ubuntu4'],['[Chromium-BSD-style Example ICU LGPL-2 LGPL-2+ TCL Unicode]']
libpangoft2-1.0-0,['1.44.7-2ubuntu4'],['[Chromium-BSD-style Example ICU LGPL-2 LGPL-2+ TCL Unicode]']
libpciaccess0,['0.16-0ubuntu1'],['[GPL]']
libpcre16-3,['2:8.39-12ubuntu0.1'],['[]']
libpcre2-16-0,['10.34-7'],['[]']
libpcre2-32-0,['10.34-7'],['[]']
libpcre2-dev,['10.34-7'],['[]']
libpcre2-posix2,['10.34-7'],['[]']
libpcre3-dev,['2:8.39-12ubuntu0.1'],['[]']
libpcre32-3,['2:8.39-12ubuntu0.1'],['[]']
libpcrecpp0v5,['2:8.39-12ubuntu0.1'],['[]']
libpixman-1-0,['0.38.4-0ubuntu1'],['[]']
libpixman-1-dev,['0.38.4-0ubuntu1'],['[]']
librest-0.7-0,['0.8.1-1'],['[FSF-INSTALL FSF-aclocal GPL-2 GPL-2+ LGPL-2.1 MIT]']
librsvg2-2,['2.48.9-1ubuntu0.20.04.1'],['[Apache-2.0 BSD-2-clause BSD-3-clause Boost-1.0 Expat LGPL-2 LGPL-2+ MPL-2.0 Sun-permissive Unlicense]']
librsvg2-common,['2.48.9-1ubuntu0.20.04.1'],['[Apache-2.0 BSD-2-clause BSD-3-clause Boost-1.0 Expat LGPL-2 LGPL-2+ MPL-2.0 Sun-permissive Unlicense]']
librsvg2-dev,['2.48.9-1ubuntu0.20.04.1'],['[Apache-2.0 BSD-2-clause BSD-3-clause Boost-1.0 Expat LGPL-2 LGPL-2+ MPL-2.0 Sun-permissive Unlicense]']
libselinux1-dev,['3.0-1build2'],['[GPL-2 LGPL-2.1]']
libsensors-config,['1:3.6.0-2ubuntu1.1'],['[GPL-2 LGPL-2.1]']
libsensors5,['1:3.6.0-2ubuntu1.1'],['[GPL-2 LGPL-2.1]']
libsepol1-dev,['3.0-1ubuntu0.1'],['[GPL LGPL]']
libsigc++-2.0-0v5,['2.10.2-1build1'],['[GPL-2 GPL-2+ LGPL-2.1 LGPL-2.1+ Public-Domain]']
libsoup-gnome2.4-1,['2.70.0-1'],['[Expat LGPL-2 LGPL-2+]']
libstartup-notification0,['0.12-6'],['[LGPL-2 part]']
libthai-data,['0.1.28-3'],['[GPL-2 GPL-2+ LGPL-2.1 LGPL-2.1+]']
libthai0,['0.1.28-3'],['[GPL-2 GPL-2+ LGPL-2.1 LGPL-2.1+]']
libtiff-dev,['4.1.0+git191117-2ubuntu0.20.04.4'],['[Hylafax]']
libtiffxx5,['4.1.0+git191117-2ubuntu0.20.04.4'],['[Hylafax]']
libunwind8,['1.2.1-9build1'],['[Expat GPL-2 GPL-2+]']
libvulkan1,['1.2.131.2-1'],['[Apache-2.0 MIT]']
libwayland-client0,['1.18.0-1'],['[X11]']
libwayland-cursor0,['1.18.0-1'],['[X11]']
libwayland-egl1,['1.18.0-1'],['[X11]']
libwayland-server0,['1.18.0-1'],['[X11]']
libwebpmux3,['0.6.1-2ubuntu0.20.04.1'],['[Apache-2.0]']
libwmf-dev,['0.2.8.4-17ubuntu1'],['[LGPL-2]']
libwmf0.2-7,['0.2.8.4-17ubuntu1'],['[LGPL-2]']
libwxbase3.0-0v5,['3.0.4+dfsg-15build1'],['[]']
libwxgtk3.0-gtk3-0v5,['3.0.4+dfsg-15build1'],['[]']
libx11-xcb1,['2:1.6.9-2ubuntu1.2'],['[]']
libxapian30,['1.4.14-2'],['[GPL-2]']
libxaw7,['2:1.0.13-1'],['[]']
libxcb-dri2-0,['1.14-2'],['[]']
libxcb-dri3-0,['1.14-2'],['[]']
libxcb-glx0,['1.14-2'],['[]']
libxcb-present0,['1.14-2'],['[]']
libxcb-render0,['1.14-2'],['[]']
libxcb-render0-dev,['1.14-2'],['[]']
libxcb-shape0,['1.14-2'],['[]']
libxcb-shm0,['1.14-2'],['[]']
libxcb-shm0-dev,['1.14-2'],['[]']
libxcb-sync1,['1.14-2'],['[]']
libxcb-util1,['0.4.0-0ubuntu3'],['[GPL-2 GPL-2+ MIT/X]']
libxcb-xfixes0,['1.14-2'],['[]']
libxcomposite1,['1:0.4.5-1'],['[]']
libxcursor1,['1:1.2.0-2'],['[]']
libxdamage1,['1:1.1.5-2'],['[]']
libxfixes3,['1:5.0.3-2'],['[]']
libxfont2,['1:2.0.3-1'],['[]']
libxinerama1,['2:1.1.4-2'],['[]']
libxkbcommon0,['0.10.0-1'],['[]']
libxkbfile1,['1:1.1.0-1'],['[]']
libxmlsec1,['1.2.28-2'],['[]']
libxmlsec1-openssl,['1.2.28-2'],['[]']
libxmu6,['2:1.1.3-0ubuntu1'],['[]']
libxrandr2,['2:1.5.2-0ubuntu1'],['[]']
libxshmfence1,['1.3-1'],['[]']
libxv1,['2:1.0.11-1'],['[]']
libxxf86dga1,['2:1.1.5-0ubuntu1'],['[]']
libxxf86vm1,['1:1.1.4-1build1'],['[]']
lines-and-columns,['1.1.6'],['[]']
linkify-it,['2.2.0'],['[]']
linux-firmware,['1.187.33'],['[]']
linux-gcp-5.15-headers-5.15.0-1017,['5.15.0-1017.23~20.04.2'],['[GPL-2]']
linux-image-5.15.0-1017-gcp,['5.15.0-1017.23~20.04.2'],['[GPL-2]']
linux-image-5.4.0-125-generic,['5.4.0-125.141'],['[GPL-2]']
linux-image-gcp,['5.15.0.1017.23~20.04.1'],['[GPL]']
linux-image-generic,['5.4.0.125.126'],['[GPL]']
linux-modules-5.15.0-1017-gcp,['5.15.0-1017.23~20.04.2'],['[GPL-2]']
linux-modules-5.4.0-125-generic,['5.4.0-125.141'],['[GPL-2]']
linux-modules-extra-5.4.0-125-generic,['5.4.0-125.141'],['[GPL-2]']
listen,['3.7.0'],['[]']
load-json-file,['6.2.0' '5.3.0'],['[MIT]']
locate-path,['2.0.0' '5.0.0'],['[]']
lockfile-progs,['0.1.18'],['[GPL]']
lodash,['4.17.21' '4.17.20' '4.17.19'],['[]' '[MIT]']
lodash._reinterpolate,['3.0.0'],['[MIT]']
lodash.camelcase,['4.3.0'],['[]']
lodash.defaults,['4.2.0'],['[MIT]']
lodash.find,['4.6.0'],['[MIT]']
lodash.flatten,['4.4.0'],['[MIT]']
lodash.get,['4.4.2'],['[]']
lodash.kebabcase,['4.1.1'],['[]']
lodash.keyby,['4.6.0'],['[MIT]']
lodash.max,['4.0.1'],['[MIT]']
lodash.merge,['4.6.2'],['[MIT]']
lodash.padstart,['4.6.1'],['[MIT]']
lodash.repeat,['4.1.0'],['[MIT]']
lodash.snakecase,['4.1.1'],['[]']
lodash.sortby,['4.7.0'],['[MIT]']
lodash.template,['4.5.0'],['[MIT]']
lodash.templatesettings,['4.2.0'],['[MIT]']
lodash.unescape,['4.0.1'],['[]']
lodash.upperfirst,['4.3.1'],['[]']
lodash.zip,['4.2.0'],['[]']
log-chopper,['1.0.2'],['[ISC]']
log4j-1.2-api,['2.17.1'],['[]']
log4j-api,['2.17.1'],['[]']
log4j-core,['2.17.1'],['[]']
log4j-over-slf4j,['1.7.30'],['[]']
log4j-slf4j-impl,['2.17.1'],['[]']
logrotate,['3.14.0-4ubuntu3'],['[GPL-2]']
lolex,['4.2.0'],['[]']
lowercase-keys,['1.0.1' '1.0.0'],['[MIT]']
lru-cache,['6.0.0'],['[]' '[ISC]']
lucene-analyzers-common,['8.10.1'],['[]']
lucene-backward-codecs,['8.10.1'],['[]']
lucene-core,['8.10.1'],['[]']
lucene-expressions,['8.10.1'],['[]']
lucene-grouping,['8.10.1'],['[]']
lucene-highlighter,['8.10.1'],['[]']
lucene-join,['8.10.1'],['[]']
lucene-memory,['8.10.1'],['[]']
lucene-misc,['8.10.1'],['[]']
lucene-queries,['8.10.1'],['[]']
lucene-queryparser,['8.10.1'],['[]']
lucene-sandbox,['8.10.1'],['[]']
lucene-spatial-extras,['8.10.1'],['[]']
lucene-spatial3d,['8.10.1'],['[]']
lucene-suggest,['8.10.1'],['[]']
lz4-java,['1.8.0'],['[]']
macaroonbakery,['1.3.1'],['[LGPL3]']
make-dir,['1.3.0' '3.0.0'],['[]']
make-error,['1.3.5'],['[]']
makedev,['2.3.1-94'],['[GPL]']
map-cache,['0.2.2'],['[]']
map-visit,['1.0.0'],['[]']
mapbox-vector-tile,['3.1.0'],['[]']
mapper-extras-client,['7.16.3'],['[]']
mapper-version,['7.16.3'],['[]']
markdown-it,['10.0.0'],['[]']
maven-resolver-transport-file,['1.3.3'],['[]']
maven-resolver-transport-http,['1.3.3'],['[]']
maxmind-db,['1.3.1'],['[]']
mdurl,['1.0.1'],['[]']
memcached,['1.5.22-2ubuntu0.2'],['[BSD-3-clause GPL-2]']
merge2,['1.3.0' '1.4.1'],['[]']
metrics-core,['3.2.2'],['[]']
micromatch,['4.0.2' '3.1.10'],['[MIT]']
mime,['1.6.0'],['[]']
mimic-fn,['1.2.0' '2.1.0'],['[MIT]']
mimic-response,['1.0.1' '2.1.0'],['[]' '[MIT]']
mingw-w64,['7.0.0-2'],['[BSD-2-clause-NetBSD BSD-3-clause BSD-3-clause-Lockless BSD-3-clause-MinGW-w64 Cygwin David-Gay GPL-2 GPL-2+ GPL-3 GPL-3+ ISC Keith-Marshall LGPL-2 LGPL-2+ LGPL-2.1 LGPL-2.1+ Lucent Permissive-Sun ZPL-2.1 expat public-domain public-domain-Vizzini]']
mingw-w64-common,['7.0.0-2'],['[BSD-2-clause-NetBSD BSD-3-clause BSD-3-clause-Lockless BSD-3-clause-MinGW-w64 Cygwin David-Gay GPL-2 GPL-2+ GPL-3 GPL-3+ ISC Keith-Marshall LGPL-2 LGPL-2+ LGPL-2.1 LGPL-2.1+ Lucent Permissive-Sun ZPL-2.1 expat public-domain public-domain-Vizzini]']
mingw-w64-i686-dev,['7.0.0-2'],['[BSD-2-clause-NetBSD BSD-3-clause BSD-3-clause-Lockless BSD-3-clause-MinGW-w64 Cygwin David-Gay GPL-2 GPL-2+ GPL-3 GPL-3+ ISC Keith-Marshall LGPL-2 LGPL-2+ LGPL-2.1 LGPL-2.1+ Lucent Permissive-Sun ZPL-2.1 expat public-domain public-domain-Vizzini]']
mingw-w64-x86-64-dev,['7.0.0-2'],['[BSD-2-clause-NetBSD BSD-3-clause BSD-3-clause-Lockless BSD-3-clause-MinGW-w64 Cygwin David-Gay GPL-2 GPL-2+ GPL-3 GPL-3+ ISC Keith-Marshall LGPL-2 LGPL-2+ LGPL-2.1 LGPL-2.1+ Lucent Permissive-Sun ZPL-2.1 expat public-domain public-domain-Vizzini]']
minimatch,['3.0.4'],['[]' '[ISC]']
minimist,['1.2.5' '0.0.8'],['[]' '[MIT]']
minitest,['5.14.4'],['[]']
minlog,['1.2'],['[]']
mixin-deep,['1.3.2'],['[]']
mkdirp,['0.5.1'],['[]' '[MIT]']
mkdirp-classic,['0.5.3'],['[]' '[MIT]']
mlocate,['0.26-3ubuntu3'],['[GPL-2]']
mocha,['5.2.0'],['[]']
mock,['2.0.0' '3.0.5' '4.0.3'],['[]' '[UNKNOWN]']
mock-stdin,['0.3.1'],['[]']
mod1,['1.0.dev0'],['[]']
mokutil,['0.3.0+1538710437.fb6250f-1'],['[GPL-3 GPL-3+]']
mongodb-database-tools,['100.6.0'],['[]']
mongodb-org,['4.4.16'],['[]']
mongodb-org-database-tools-extra,['4.4.16'],['[]']
mongodb-org-mongos,['4.4.16'],['[]']
mongodb-org-server,['4.4.16'],['[]']
mongodb-org-shell,['4.4.16'],['[]']
mongodb-org-tools,['4.4.16'],['[]']
ms,['2.0.0' '2.1.2'],['[]' '[MIT]']
multiverse-core,['0.7.0'],['[]']
mustache,['2.3.2'],['[MIT]']
mute-stream,['0.0.7' '0.0.8'],['[]' '[ISC]']
mvdan.cc/editorconfig,['v0.1.1-0.20200121172147-e40951bde157'],['[]']
mvdan.cc/sh/v3,['(devel)'],['[]']
mxparser,['1.2.2'],['[]']
mypy,['0.931'],['[]']
mypy-extensions,['0.4.3'],['[MIT License]']
mysql-client,['8.0.30-0ubuntu0.20.04.2'],['[Artistic BSD-2-clause BSD-3-clause BSD-like Boost-1.0 GPL-2 GPL-2+ ISC LGPL LGPL-2 public-domain zlib/libpng]']
nanomatch,['1.2.13'],['[]']
napi-build-utils,['1.0.2'],['[]']
native-platform,['0.22-milestone-23'],['[]']
native-platform-freebsd-amd64-libcpp,['0.22-milestone-23'],['[]']
native-platform-linux-aarch64,['0.22-milestone-23'],['[]']
native-platform-linux-aarch64-ncurses5,['0.22-milestone-23'],['[]']
native-platform-linux-aarch64-ncurses6,['0.22-milestone-23'],['[]']
native-platform-linux-amd64,['0.22-milestone-23'],['[]']
native-platform-linux-amd64-ncurses5,['0.22-milestone-23'],['[]']
native-platform-linux-amd64-ncurses6,['0.22-milestone-23'],['[]']
native-platform-osx-aarch64,['0.22-milestone-23'],['[]']
native-platform-osx-amd64,['0.22-milestone-23'],['[]']
native-platform-windows-amd64,['0.22-milestone-23'],['[]']
native-platform-windows-amd64-min,['0.22-milestone-23'],['[]']
native-platform-windows-i386,['0.22-milestone-23'],['[]']
native-platform-windows-i386-min,['0.22-milestone-23'],['[]']
natural-compare,['1.4.0'],['[]']
natural-orderby,['2.0.3'],['[MIT]']
net-tools,['1.60+git20180626.aebd88e-1ubuntu1'],['[GPL-2 GPL-2+]']
netrc-parser,['3.1.6'],['[ISC]']
netty-buffer,['4.1.66.Final'],['[]']
netty-codec,['4.1.66.Final'],['[]']
netty-codec-http,['4.1.66.Final'],['[]']
netty-common,['4.1.66.Final'],['[]']
netty-handler,['4.1.66.Final'],['[]']
netty-resolver,['4.1.66.Final'],['[]']
netty-transport,['4.1.66.Final'],['[]']
networkd-dispatcher,['2.1-2~ubuntu20.04.3'],['[GPL-3 GPL-3+]']
nice-try,['1.0.5'],['[MIT]']
nimbus-jose-jwt,['9.8.1'],['[]']
nise,['1.5.2'],['[]']
nock,['10.0.6'],['[]']
node-abi,['2.30.1'],['[]']
node-addon-api,['3.2.1'],['[]']
node-fetch,['2.6.1'],['[MIT]']
node-forge,['1.3.0' '0.7.5'],['[(BSD-3-Clause OR GPL-2.0)]']
node-notifier,['10.0.0' '5.3.0'],['[MIT]']
nopt,['4.0.1'],['[ISC]']
normalize-package-data,['3.0.2' '2.5.0'],['[]']
normalize-url,['2.0.1' '3.3.0'],['[MIT]']
nose,['1.3.7'],['[GNU LGPL]']
npm-run-path,['2.0.2' '4.0.1'],['[MIT]']
npmlog,['4.1.2'],['[]']
nrepl,['0.9.0'],['[]']
nth-check,['2.0.1'],['[]']
number-is-nan,['1.0.1'],['[]']
numpy,['1.23.1' '1.21.6' '1.19.2'],['[BSD]']
nvme-cli,['1.9-1ubuntu0.1'],['[GPL-2 GPL-2+]']
oauth2-oidc-sdk,['9.3.1'],['[]']
object-assign,['4.1.1'],['[]' '[MIT]']
object-copy,['0.1.0'],['[]']
object-inspect,['1.11.0' '1.12.2'],['[]']
object-keys,['1.1.1' '1.0.12'],['[]']
object-treeify,['1.1.26'],['[MIT]']
object-visit,['1.0.1'],['[]']
object.assign,['4.1.2'],['[]']
object.pick,['1.3.0'],['[]']
objenesis,['2.6'],['[]']
once,['1.4.0'],['[]' '[ISC]']
onetime,['5.1.0' '2.0.1'],['[MIT]']
open,['6.4.0'],['[MIT]']
open-vm-tools,['2:11.3.0-2ubuntu0~ubuntu20.04.3'],['[BSD-3 GPL-2 GPL-2+ GPL-2.1 ISC-ibm-and-ibm-dhcp LGPL-2.1 xfree86-1.0]']
openjdk-11-jdk,['11.0.16+8-0ubuntu1~20.04'],['[Apache-2.0 GPL-2 LGPL-2 LGPL-2-1]']
openjdk-11-jdk-headless,['11.0.16+8-0ubuntu1~20.04'],['[Apache-2.0 GPL-2 LGPL-2 LGPL-2-1]']
openjdk-11-jre,['11.0.16+8-0ubuntu1~20.04'],['[Apache-2.0 GPL-2 LGPL-2 LGPL-2-1]']
openjdk-11-jre-headless,['11.0.16+8-0ubuntu1~20.04'],['[Apache-2.0 GPL-2 LGPL-2 LGPL-2-1]']
opensaml-core,['3.4.5'],['[]']
opensaml-messaging-api,['3.4.5'],['[]']
opensaml-messaging-impl,['3.4.5'],['[]']
opensaml-profile-api,['3.4.5'],['[]']
opensaml-profile-impl,['3.4.5'],['[]']
opensaml-saml-api,['3.4.5'],['[]']
opensaml-saml-impl,['3.4.5'],['[]']
opensaml-security-api,['3.4.5'],['[]']
opensaml-security-impl,['3.4.5'],['[]']
opensaml-soap-api,['3.4.5'],['[]']
opensaml-soap-impl,['3.4.5'],['[]']
opensaml-storage-api,['3.4.5'],['[]']
opensaml-storage-impl,['3.4.5'],['[]']
opensaml-xmlsec-api,['3.4.5'],['[]']
opensaml-xmlsec-impl,['3.4.5'],['[]']
opentest4j,['1.2.0'],['[]']
opn,['3.0.3'],['[MIT]']
optionator,['0.8.3'],['[]']
org.abego.treelayout.core,['1.0.3'],['[]']
org.eclipse.jgit,['5.7.0.202003110725-r'],['[]']
original,['1.0.2'],['[MIT]']
os-homedir,['1.0.2'],['[]' '[MIT]']
os-prober,['1.74ubuntu2'],['[GPL-2]']
os-tmpdir,['1.0.2'],['[]' '[MIT]']
osenv,['0.1.5'],['[]' '[ISC]']
overrides,['6.1.0'],['[Apache License  Version 2.0]']
owasp-java-html-sanitizer,['20211018.2'],['[]']
p-cancelable,['1.0.0' '0.4.1'],['[MIT]']
p-finally,['1.0.0'],['[MIT]']
p-is-promise,['1.1.0'],['[MIT]']
p-limit,['1.3.0' '2.2.0'],['[]']
p-locate,['2.0.0' '4.1.0'],['[]']
p-timeout,['2.0.1'],['[MIT]']
p-try,['1.0.0' '2.2.0'],['[]']
packaging,['21.3' '20.4'],['[BSD-2-Clause or Apache-2.0]']
parallel,['1.21.0'],['[]']
parent-join-client,['7.16.3'],['[]']
parent-module,['1.0.0'],['[]']
parse-json,['5.0.0' '4.0.0'],['[MIT]']
parse-semver,['1.1.1'],['[]']
parse5,['6.0.1'],['[]']
parse5-htmlparser2-tree-adapter,['6.0.1'],['[]']
parsley,['0.9.3'],['[]']
pascalcase,['0.1.1'],['[]']
password-prompt,['1.1.2'],['[WTFPL]']
path-dirname,['1.0.2'],['[]']
path-exists,['3.0.0' '4.0.0'],['[]']
path-is-absolute,['1.0.1'],['[]' '[MIT]']
path-key,['3.1.0' '3.1.1' '2.0.1'],['[MIT]']
path-parse,['1.0.7'],['[]']
path-to-regexp,['1.7.0'],['[]']
path-type,['3.0.0' '4.0.0'],['[MIT]']
pathval,['1.1.0'],['[]']
pend,['1.2.0'],['[]']
percolator-client,['7.16.3'],['[]']
pgdg-keyring,['2018.2'],['[]']
phoenix,['1.5.4'],['[MIT]']
picomatch,['2.2.2' '2.0.7'],['[MIT]']
pify,['3.0.0' '4.0.1'],['[MIT]']
pipenv,['2020.8.13' '2022.7.4'],['[MIT]']
pkg-dir,['2.0.0' '4.2.0'],['[]']
pkg_resources,['0.0.0'],['[UNKNOWN]']
platformdirs,['2.5.2'],['[]']
plist,['3.0.5'],['[MIT]']
pluggy,['1.0.0' '0.13.1'],['[MIT]' '[MIT license]']
pomegranate,['1.2.1'],['[]']
posix-character-classes,['0.1.1'],['[]']
postgresql-13,['13.8-1.pgdg20.04+1'],['[Artistic BSD-2-clause BSD-3-Clause BSD-3-clause Custom-Unicode Custom-pg_dump Custom-regex GPL-1 PostgreSQL Tcl blf double-metaphone imath nagaysau-ishii rijndael]']
postgresql-client-13,['13.8-1.pgdg20.04+1'],['[Artistic BSD-2-clause BSD-3-Clause BSD-3-clause Custom-Unicode Custom-pg_dump Custom-regex GPL-1 PostgreSQL Tcl blf double-metaphone imath nagaysau-ishii rijndael]']
power_assert,['2.0.1'],['[]']
preallocate,['7.16.3'],['[]']
prebuild-install,['6.1.4'],['[]']
prelude-ls,['1.1.2'],['[]']
prepend-http,['2.0.0'],['[MIT]']
printf,['0.6.1' '0.3.0'],['[MIT]']
process-nextick-args,['2.0.1'],['[]' '[MIT]']
progress,['2.0.3'],['[]']
progressbar,['2.5'],['[LICENSE.txt]']
propagate,['1.0.0'],['[]']
protobuf,['3.20.1'],['[BSD-3-Clause]']
protobuf-java,['3.14.0'],['[]']
psl,['1.1.31'],['[MIT]']
psutil,['5.9.1'],['[BSD]']
pump,['1.0.3' '3.0.0'],['[]' '[MIT]']
punycode,['1.3.2' '2.1.1'],['[]']
py,['1.9.0' '1.11.0'],['[MIT license]']
pyRFC3339,['1.1'],['[MIT]']
pycurl,['7.43.0.2'],['[LGPL/MIT]']
pydantic,['1.9.0'],['[MIT]']
pydantic-yaml,['0.8.0'],['[MIT]']
pyelftools,['0.28'],['[Public domain]']
pylxd,['2.3.1'],['[]']
pyparsing,['3.0.9' '2.4.7'],['[]' '[MIT License]']
pytest,['4.6.11' '7.1.3' '4.6.9' '3.2.1' '6.1.2' '6.2.5'],['[]' '[MIT]']
pytest-cov,['2.12.1' '2.5.1'],['[]']
pytest-forked,['1.3.0' '0.2'],['[]']
pytest-freezegun,['0.4.2'],['[]']
pytest-httpbin,['0.3.0' '1.0.0'],['[]']
pytest-mock,['2.0.0'],['[]']
pytest-randomly,['1.2.1' '1.2.3'],['[]']
pytest-timeout,['1.4.2' '1.2.0' '1.3.4'],['[]']
pytest-xdist,['1.20.0' '1.34.0'],['[]']
python-dateutil,['2.8.1' '2.8.2'],['[]' '[Dual License]']
python3-breezy,['3.0.2-4ubuntu2'],['[GPL-2 GPL-2+ MIT]']
python3-dulwich,['0.19.15-1build1'],['[Apache-2 Apache-2.0 GPL-2 GPL-2+]']
python3-fastimport,['0.9.8-5build1'],['[GPL-2 GPL-2+]']
python3-pycurl,['7.43.0.2-1ubuntu5'],['[LGPL-2.1 MIT]']
python3-xapian,['1.4.14-1ubuntu2'],['[GPL-2]']
pytz,['2022.1'],['[MIT]']
pyxdg,['0.28'],['[UNKNOWN]']
qdox,['1.12.1'],['[]']
qqjs,['0.3.11' '0.3.10'],['[]']
qs,['6.6.0' '6.10.1'],['[]']
query-string,['5.1.1'],['[MIT]']
querystring,['0.2.0'],['[]']
querystringify,['2.2.0'],['[MIT]']
quoin,['0.1.2'],['[]']
ragel,['6.10-1build1'],['[GPL GPL-2]']
ramda,['0.26.1'],['[]']
rank-eval-client,['7.16.3'],['[]']
raven,['6.10.0'],['[BSD]']
rb-fsevent,['0.11.0'],['[]']
rb-inotify,['0.10.1'],['[]']
rbs,['2.0.0' '1.7.1'],['[]']
rc,['1.2.8'],['[]']
re2c,['1.3-1ubuntu0.1'],['[Apache-2 Apache-2.0 PHP-3.01 Zend-2.00 public-domain]']
read,['1.0.7'],['[]']
read-pkg,['4.0.1'],['[]']
readable-stream,['2.3.7' '3.4.0' '3.6.0'],['[]' '[MIT]']
redeyed,['2.1.1'],['[MIT]']
redis-errors,['1.2.0'],['[MIT]']
redis-parser,['3.0.0'],['[MIT]']
reflectasm,['1.09'],['[]']
regex,['1.1.0'],['[]']
regex-not,['1.0.2'],['[]']
regexp.prototype.flags,['1.4.3'],['[]']
regexpp,['3.0.0' '2.0.1'],['[]']
reindex-client,['7.16.3'],['[]']
repeat-element,['1.1.3'],['[]']
repeat-string,['1.6.1'],['[]']
repositories-metering-api,['7.16.3'],['[]']
repository-encrypted,['7.16.3'],['[]']
repository-url,['7.16.3'],['[]']
requests-toolbelt,['0.9.1'],['[Apache 2.0]']
requires-port,['1.0.0'],['[MIT]']
resolvconf,['1.82'],['[GPL-2 GPL-2+]']
resolve,['1.20.0' '1.8.1' '1.11.1'],['[]']
resolve-from,['4.0.0'],['[]']
resolve-url,['0.2.1'],['[]']
responselike,['1.0.2'],['[MIT]']
restore-cursor,['2.0.0' '3.1.0'],['[MIT]']
ret,['0.1.15'],['[]']
reusify,['1.0.4'],['[MIT]']
rimraf,['2.2.8' '3.0.2' '2.6.3'],['[]' '[ISC]']
rsa,['4.7.2' '3.1.4'],['[]']
rsyslog,['8.2001.0-1ubuntu1.3'],['[Apache-2.0 BSD-3-clause GPL-3 GPL-3.0+ LGPL-3 LGPL-3.0+]']
run-async,['2.3.0'],['[MIT]']
run-parallel,['1.1.9'],['[MIT]']
runtime-fields-common,['7.16.3'],['[]']
rxjs,['6.5.3'],['[Apache-2.0]']
safe-buffer,['5.1.2' '5.2.1'],['[]' '[MIT]']
safe-regex,['1.1.0'],['[]']
safer-buffer,['2.1.2'],['[MIT]']
sax,['1.2.1' '1.2.4'],['[]']
sbsigntool,['0.9.2-2ubuntu1.1'],['[CC0 GPL-3 GPL-3+ LGPL-2 LGPL-2+ LGPL-2.1 LGPL-2.1+ LGPL-3 LGPL-3+ MIT]']
scout,['0.1.1'],['[]']
search-business-rules,['7.16.3'],['[]']
searchable-snapshots,['7.16.3'],['[]']
secureboot-db,['1.5'],['[GPL-3 GPL-3+]']
semantic-version,['2.10.0'],['[BSD]']
semver,['5.6.0' '2.13.0' '7.3.5' '6.3.0' '5.7.1'],['[]' '[BSD]' '[ISC]']
set-blocking,['2.0.0'],['[]']
set-value,['2.0.1'],['[]']
setuptools-rust,['1.2.0'],['[MIT]']
sgml-base,['1.29.1'],['[GPL-2 GPL-2+]']
shebang-command,['2.0.0' '1.2.0'],['[MIT]']
shebang-regex,['3.0.0' '1.0.0'],['[MIT]']
shell-escape,['0.2.0'],['[]']
shell-quote,['1.7.3'],['[MIT]']
shellwords,['0.1.1'],['[MIT]']
shim-signed,['1.40.7+15.4-0ubuntu9'],['[BSD-2-Clause]']
side-channel,['1.0.4'],['[]']
signal-exit,['3.0.5' '3.0.2'],['[]' '[ISC]']
sigs.k8s.io/cli-utils,['v0.22.0'],['[]']
sigs.k8s.io/controller-runtime,['v0.6.0'],['[]']
sigs.k8s.io/kind,['v0.12.0'],['[]']
sigs.k8s.io/kustomize/kyaml,['v0.10.17' 'v0.0.5'],['[]']
sigs.k8s.io/structured-merge-diff/v3,['v3.0.0'],['[]']
simple-concat,['1.0.1'],['[]']
simple-get,['3.1.0'],['[]']
simplecov_json_formatter,['0.1.3'],['[]']
sinon,['7.4.1'],['[]']
sjacket,['0.1.1.1'],['[]']
slash,['3.0.0' '1.0.0'],['[MIT]']
slf4j-nop,['1.7.25'],['[]']
slice-ansi,['2.1.0'],['[]']
smooth-progress,['1.1.0'],['[ISC]']
snakeyaml,['1.30' '1.28' '1.26'],['[]']
snapcraft,['7.1.3' '3.0ubuntu1.1'],['[GPL-3]' '[GPL v3]']
snapdragon,['0.8.2'],['[]']
snapdragon-node,['2.1.1'],['[]']
snapdragon-util,['3.0.1'],['[]']
snapshot-repo-test-kit,['7.16.3'],['[]']
sort-keys,['2.0.0' '4.0.0'],['[MIT]']
source-map,['0.6.1' '0.5.7'],['[]']
source-map-resolve,['0.5.2'],['[]']
source-map-support,['0.5.9' '0.5.20'],['[]']
source-map-url,['0.4.0'],['[]']
sparkline,['0.2.0'],['[MIT]']
spatial,['7.16.3'],['[]']
spatial4j,['0.7'],['[]']
spdx-correct,['3.1.0'],['[]']
spdx-exceptions,['2.2.0'],['[]']
spdx-expression-parse,['3.0.0'],['[]']
spdx-license-ids,['3.0.5'],['[]']
spec.alpha,['0.3.218'],['[]']
split-string,['3.1.0'],['[]']
sprintf-js,['1.0.3' '1.1.0'],['[]' '[BSD-3-Clause]']
sql-action,['7.16.3'],['[]']
sql-proto,['7.16.3'],['[]']
sqlite3-doc,['3.31.1-4ubuntu0.3'],['[GPL-2 GPL-2+ public-domain]']
ssh2,['0.6.1' '0.5.4' '1.11.0' '1.4.0'],['[MIT]']
ssh2-streams,['0.2.1' '0.1.20'],['[MIT]']
stackprof,['0.2.17'],['[]']
static-extend,['0.1.2'],['[]']
stdout-stderr,['0.1.9'],['[]']
steep,['0.47.0'],['[]']
stencil,['0.5.0'],['[]']
streamsearch,['0.1.2'],['[MIT]']
strftime,['0.10.0'],['[MIT]']
strict-uri-encode,['1.1.0'],['[MIT]']
string-width,['1.0.2' '4.2.0' '3.1.0' '4.1.0' '2.1.1'],['[]' '[MIT]']
string.prototype.trimend,['1.0.5'],['[]']
string.prototype.trimstart,['1.0.5'],['[]']
string_decoder,['1.2.0' '1.1.1'],['[]' '[MIT]']
strip-ansi,['3.0.1' '6.0.0' '4.0.0' '5.2.0'],['[]' '[MIT]']
strip-bom,['3.0.0' '4.0.0'],['[MIT]']
strip-eof,['2.0.0' '1.0.0'],['[MIT]']
strip-json-comments,['3.0.1' '2.0.1'],['[]']
super-csv,['2.4.0'],['[]']
supports-color,['2.0.0' '7.1.0' '5.5.0' '5.4.0'],['[]' '[MIT]']
supports-hyperlinks,['1.0.1' '2.1.0'],['[MIT]']
t-digest,['3.2'],['[]']
table,['5.4.6'],['[]']
tabulate,['0.8.10'],['[MIT]']
tar-fs,['2.0.0' '1.16.3' '2.1.1'],['[]']
tar-stream,['1.6.2' '2.1.0' '2.2.0'],['[]']
tasksel,['3.34ubuntu16'],['[GPL GPL-2]']
tasksel-data,['3.34ubuntu16'],['[GPL GPL-2]']
tcpd,['7.6.q-30'],['[]']
temp,['0.8.3' '0.9.1' '0.9.4'],['[MIT]']
term-img,['4.1.0'],['[MIT]']
terminal-table,['3.0.2'],['[]']
test-unit,['3.5.3'],['[]']
testng,['6.3.1' '7.5'],['[]']
text-table,['0.2.0'],['[]']
through,['2.3.8'],['[MIT]']
timed-out,['4.0.1'],['[MIT]']
tinydb,['4.7.0'],['[MIT]']
tmate,['2.4.0-1'],['[BSD-2 BSD-3 Expat ISC]']
tmp,['0.2.1' '0.0.33' '0.1.0'],['[]' '[MIT]']
to-buffer,['1.1.1'],['[]']
to-object-path,['0.3.0'],['[]']
to-readable-stream,['1.0.0'],['[MIT]']
to-regex,['3.0.2'],['[]']
to-regex-range,['5.0.1' '2.1.1'],['[MIT]']
toml,['0.10.2' '0.10.1'],['[MIT]']
tomli,['2.0.1'],['[]']
tomlj,['1.0.0'],['[]']
tools.macro,['0.1.5'],['[]']
tornado,['6.0.3' '5.1.1'],['[]']
tox,['3.5.2'],['[]']
transform,['7.16.3'],['[]']
transport-netty4-client,['7.16.3'],['[]']
transport-nio-client,['7.16.3'],['[]']
treeify,['1.1.0'],['[MIT]']
trove4j,['1.0.20200330'],['[]']
true-myth,['2.2.3'],['[MIT]']
trustme,['0.5.3'],['[]']
ts-node,['8.0.2'],['[]']
tslib,['1.13.0' '1.14.1' '1.10.0' '2.2.0' '2.3.1' '2.0.1' '2.4.0' '1.9.3'],['[]' '[0BSD]']
tsutils,['3.17.1'],['[]']
tunnel,['0.0.6'],['[]']
tunnel-agent,['0.6.0'],['[Apache-2.0]' '[]']
tunnel-ssh,['4.1.4'],['[MIT]']
tweetnacl,['0.14.5'],['[Unlicense]']
txw2,['3.0.0'],['[]']
type-check,['0.3.2'],['[]']
type-detect,['4.0.8'],['[]']
type-fest,['0.8.1' '0.3.1' '0.11.0' '0.6.0' '0.5.2'],['[(MIT OR CC0-1.0)]']
typed-rest-client,['1.8.6'],['[]']
typedarray-to-buffer,['3.1.5'],['[]']
types-Deprecated,['1.2.9'],['[Apache-2.0 license]']
typescript,['4.4.4' '3.7.5'],['[]']
typing-utils,['0.1.0'],['[Apache License 2.0]']
typing_extensions,['4.3.0'],['[]']
tzinfo,['2.0.4'],['[]']
ubuntu-mono,['19.04-0ubuntu3'],['[CC-BY-SA-3.0 GPL-3]']
uc.micro,['1.0.6'],['[]']
unboundid-ldapsdk,['4.0.8'],['[]']
unbox-primitive,['1.0.2'],['[]']
underscore,['1.13.1'],['[]']
union-value,['1.0.1'],['[]']
universalify,['0.1.2' '1.0.0' '2.0.0'],['[MIT]']
unixodbc-dev,['2.3.6-0.1build1'],['[GPL-2 GPL-2+ LGPL-2 LGPL-2+ LGPL-2.1 LGPL-2.1+]']
unset-value,['1.0.0'],['[]']
unsigned-long,['7.16.3'],['[]']
uri-js,['4.2.2'],['[]']
urijs,['1.19.11' '1.19.2'],['[MIT]']
urix,['0.1.0'],['[]']
url,['0.10.3'],['[]']
url-join,['1.1.0'],['[]']
url-parse,['1.5.10'],['[MIT]']
url-parse-lax,['3.0.0'],['[MIT]']
url-to-options,['1.0.1'],['[MIT]']
usb-modeswitch,['2.5.2+repack0-2ubuntu3'],['[]']
use,['3.1.1'],['[]']
util,['0.12.4'],['[]']
util-deprecate,['1.0.2'],['[]' '[MIT]']
uuid,['3.4.0' '3.2.1' '8.0.0' '8.3.2' '3.3.2'],['[MIT]']
v8-compile-cache,['2.1.0'],['[]']
valid-url,['1.0.9'],['[]']
validate-npm-package-license,['3.0.4'],['[]']
validator,['13.7.0'],['[MIT]']
vector-tile,['7.16.3'],['[]']
vectors,['7.16.3'],['[]']
virtualenv-clone,['0.5.4' '0.5.7'],['[MIT]']
vsce,['1.103.1'],['[]']
vscode,['1.1.37'],['[]']
vscode-jsonrpc,['6.0.0'],['[]']
vscode-languageclient,['7.0.0'],['[]']
vscode-languageserver-protocol,['3.16.0'],['[]']
vscode-languageserver-types,['3.16.0'],['[]']
vscode-test,['0.4.3'],['[]']
w3m,['0.5.3-37'],['[GPL-2 GPL-3 GPL-3+ Ruby Unicode-Data-Files X11 X11-install-sh copyleft-matrix-c permissive-Str permissive-aclocal permissive-configure permissive-debian permissive-gitlog2changelog permissive-matrix-h permissive-po public-domain w3m]']
wagon-http,['3.3.4'],['[]']
wamerican,['2018.04.16-1'],['[]']
which,['2.0.2' '1.3.1'],['[ISC]']
which-boxed-primitive,['1.0.2'],['[]']
which-typed-array,['1.1.8'],['[]']
wide-align,['1.1.5'],['[]']
widest-line,['3.1.0' '2.0.1'],['[MIT]']
wildcard,['7.16.3'],['[]']
win-inet-pton,['1.1.0'],['[]']
wireless-regdb,['2022.06.06-0ubuntu1~20.04.1'],['[ISC]']
word-wrap,['1.2.3'],['[]']
wrap-ansi,['6.2.0' '7.0.0' '4.0.0'],['[MIT]']
wrappy,['1.0.2'],['[]' '[ISC]']
wrapt,['1.14.1'],['[BSD]']
write,['1.0.3'],['[]']
write-file-atomic,['2.4.3' '3.0.0'],['[]']
write-json-file,['2.3.0' '4.3.0'],['[]']
ws,['6.2.1'],['[MIT]']
ws4py,['0.5.1'],['[BSD]']
x-pack-aggregate-metric,['7.16.3'],['[]']
x-pack-analytics,['7.16.3'],['[]']
x-pack-async,['7.16.3'],['[]']
x-pack-async-search,['7.16.3'],['[]']
x-pack-autoscaling,['7.16.3'],['[]']
x-pack-ccr,['7.16.3'],['[]']
x-pack-core,['7.16.3'],['[]']
x-pack-data-streams,['7.16.3'],['[]']
x-pack-deprecation,['7.16.3'],['[]']
x-pack-enrich,['7.16.3'],['[]']
x-pack-eql,['7.16.3'],['[]']
x-pack-fleet,['7.16.3'],['[]']
x-pack-graph,['7.16.3'],['[]']
x-pack-identity-provider,['7.16.3'],['[]']
x-pack-ilm,['7.16.3'],['[]']
x-pack-logstash,['7.16.3'],['[]']
x-pack-ml,['7.16.3'],['[]']
x-pack-monitoring,['7.16.3'],['[]']
x-pack-ql,['7.16.3'],['[]']
x-pack-rollup,['7.16.3'],['[]']
x-pack-security,['7.16.3'],['[]']
x-pack-shutdown,['7.16.3'],['[]']
x-pack-sql,['7.16.3'],['[]']
x-pack-stack,['7.16.3'],['[]']
x-pack-text-structure,['7.16.3'],['[]']
x-pack-voting-only-node,['7.16.3'],['[]']
x-pack-watcher,['7.16.3'],['[]']
x11-utils,['7.7+5'],['[]']
x11-xkb-utils,['7.7+5'],['[]']
x11-xserver-utils,['7.7+8'],['[]']
xdg-utils,['1.1.3-2ubuntu1.20.04.2'],['[Expat]']
xml-apis,['1.4.01'],['[]']
xml-core,['0.18+nmu1'],['[GPL-2 GPL-2+]']
xml2js,['0.4.19' '0.4.23'],['[]']
xmlbuilder,['9.0.7' '11.0.1'],['[]' '[MIT]']
xmlsec,['2.1.4'],['[]']
xserver-common,['2:1.20.13-1ubuntu1~20.04.3'],['[]']
xserver-xorg-core,['2:1.20.13-1ubuntu1~20.04.3'],['[]']
xstream,['1.4.19'],['[]']
xtend,['4.0.2'],['[]']
xvfb,['2:1.20.13-1ubuntu1~20.04.3'],['[]']
yallist,['4.0.0'],['[]' '[ISC]']
yarn,['1.22.0'],['[BSD-2-Clause]']
yauzl,['2.10.0'],['[]']
yazl,['2.5.1'],['[]']
yn,['3.0.0'],['[]']
zeitwerk,['2.5.1'],['[]']
zerofree,['1.1.1-1'],['[GPL-2 GPL-2+]']
zip,['3.0-11build1'],['[]']
